STATUS,SER_NBR,Series_reference,Period,Data_value,UNITS,MAGNTUDE,Subject,Group,Age group,Age Group,Age Group 6 brackets,Disability age breakdown classification,Disability status classification,Duration of unemployment,"Employed and Unemployed Persons, Full-Time and Part-Time Status",Employment relationship,Employment Status,Ethnic Single / Combination,Ethnic Total Response,Formal study status,Hours Worked,Household Composition,Household Labour Force Status,Industry ANZSIC06,Industry ANZSIC06 Supplementary,Job,Job tenure,Labour force and education status,Labour Force Status,Labour force/underutilisation classification,Main activity,Main Job,Methods of seeking employment,Occupation ANZSCO Level 1,Percentage change from previous period and same period previous year,Persons employed by job security,Persons employed by reason working fewer hours (main job) or away from work (all jobs),Persons employed by relationship between actual and usual hours worked,Persons employed by work location,"Persons Employed, Unemployed, Not in Labour Force (for current quarter)",Reason for leaving last job,Reason not seeking work,Reason not wanting work,Reasons not available for work,Regional Council,Sampling Errors,Seasonally Adjusted/Trend Series,Second Job,Sex,Total Number of Actual Hours Worked Each Week,Total Number of Usual Hours Worked Each Week,Type of employment agreement,Underemployment,Underutilisation,Union membership,Youth age groups
FINAL,1521,HLFQ.SIK3,1986.03,18.4,Number,3,Household Labour Force Survey - HLF,"Employed Persons, Full & Part-Time Status by Sex",,,,,,,Unemployed Part-Time,,,,,,,,,,,,,,,,,,,,,,,,,,,,,,,,,,Total Both Sexes,,,,,,,
FINAL,1521,HLFQ.SIK3,1986.06,16.9,Number,3,Household Labour Force Survey - HLF,"Employed Persons, Full & Part-Time Status by Sex",,,,,,,Unemployed Part-Time,,,,,,,,,,,,,,,,,,,,,,,,,,,,,,,,,,Total Both Sexes,,,,,,,
FINAL,1521,HLFQ.SIK3,1986.09,18.6,Number,3,Household Labour Force Survey - HLF,"Employed Persons, Full & Part-Time Status by Sex",,,,,,,Unemployed Part-Time,,,,,,,,,,,,,,,,,,,,,,,,,,,,,,,,,,Total Both Sexes,,,,,,,
FINAL,1521,HLFQ.SIK3,1986.12,16.6,Number,3,Household Labour Force Survey - HLF,"Employed Persons, Full & Part-Time Status by Sex",,,,,,,Unemployed Part-Time,,,,,,,,,,,,,,,,,,,,,,,,,,,,,,,,,,Total Both Sexes,,,,,,,
FINAL,1521,HLFQ.SIK3,1987.03,18.3,Number,3,Household Labour Force Survey - HLF,"Employed Persons, Full & Part-Time Status by Sex",,,,,,,Unemployed Part-Time,,,,,,,,,,,,,,,,,,,,,,,,,,,,,,,,,,Total Both Sexes,,,,,,,
FINAL,1521,HLFQ.SIK3,1987.06,17.5,Number,3,Household Labour Force Survey - HLF,"Employed Persons, Full & Part-Time Status by Sex",,,,,,,Unemployed Part-Time,,,,,,,,,,,,,,,,,,,,,,,,,,,,,,,,,,Total Both Sexes,,,,,,,
FINAL,1521,HLFQ.SIK3,1987.09,16.6,Number,3,Household Labour Force Survey - HLF,"Employed Persons, Full & Part-Time Status by Sex",,,,,,,Unemployed Part-Time,,,,,,,,,,,,,,,,,,,,,,,,,,,,,,,,,,Total Both Sexes,,,,,,,
FINAL,1521,HLFQ.SIK3,1987.12,16.2,Number,3,Household Labour Force Survey - HLF,"Employed Persons, Full & Part-Time Status by Sex",,,,,,,Unemployed Part-Time,,,,,,,,,,,,,,,,,,,,,,,,,,,,,,,,,,Total Both Sexes,,,,,,,
FINAL,1521,HLFQ.SIK3,1988.03,19.0,Number,3,Household Labour Force Survey - HLF,"Employed Persons, Full & Part-Time Status by Sex",,,,,,,Unemployed Part-Time,,,,,,,,,,,,,,,,,,,,,,,,,,,,,,,,,,Total Both Sexes,,,,,,,
FINAL,1521,HLFQ.SIK3,1988.06,19.2,Number,3,Household Labour Force Survey - HLF,"Employed Persons, Full & Part-Time Status by Sex",,,,,,,Unemployed Part-Time,,,,,,,,,,,,,,,,,,,,,,,,,,,,,,,,,,Total Both Sexes,,,,,,,
FINAL,1521,HLFQ.SIK3,1988.09,22.5,Number,3,Household Labour Force Survey - HLF,"Employed Persons, Full & Part-Time Status by Sex",,,,,,,Unemployed Part-Time,,,,,,,,,,,,,,,,,,,,,,,,,,,,,,,,,,Total Both Sexes,,,,,,,
FINAL,1521,HLFQ.SIK3,1988.12,19.1,Number,3,Household Labour Force Survey - HLF,"Employed Persons, Full & Part-Time Status by Sex",,,,,,,Unemployed Part-Time,,,,,,,,,,,,,,,,,,,,,,,,,,,,,,,,,,Total Both Sexes,,,,,,,
FINAL,1521,HLFQ.SIK3,1989.03,23.2,Number,3,Household Labour Force Survey - HLF,"Employed Persons, Full & Part-Time Status by Sex",,,,,,,Unemployed Part-Time,,,,,,,,,,,,,,,,,,,,,,,,,,,,,,,,,,Total Both Sexes,,,,,,,
FINAL,1521,HLFQ.SIK3,1989.06,25.2,Number,3,Household Labour Force Survey - HLF,"Employed Persons, Full & Part-Time Status by Sex",,,,,,,Unemployed Part-Time,,,,,,,,,,,,,,,,,,,,,,,,,,,,,,,,,,Total Both Sexes,,,,,,,
FINAL,1521,HLFQ.SIK3,1989.09,24.8,Number,3,Household Labour Force Survey - HLF,"Employed Persons, Full & Part-Time Status by Sex",,,,,,,Unemployed Part-Time,,,,,,,,,,,,,,,,,,,,,,,,,,,,,,,,,,Total Both Sexes,,,,,,,
FINAL,1521,HLFQ.SIK3,1989.12,27.9,Number,3,Household Labour Force Survey - HLF,"Employed Persons, Full & Part-Time Status by Sex",,,,,,,Unemployed Part-Time,,,,,,,,,,,,,,,,,,,,,,,,,,,,,,,,,,Total Both Sexes,,,,,,,
FINAL,1521,HLFQ.SIK3,1990.03,28.6,Number,3,Household Labour Force Survey - HLF,"Employed Persons, Full & Part-Time Status by Sex",,,,,,,Unemployed Part-Time,,,,,,,,,,,,,,,,,,,,,,,,,,,,,,,,,,Total Both Sexes,,,,,,,
FINAL,1521,HLFQ.SIK3,1990.06,27.8,Number,3,Household Labour Force Survey - HLF,"Employed Persons, Full & Part-Time Status by Sex",,,,,,,Unemployed Part-Time,,,,,,,,,,,,,,,,,,,,,,,,,,,,,,,,,,Total Both Sexes,,,,,,,
FINAL,1521,HLFQ.SIK3,1990.09,25.1,Number,3,Household Labour Force Survey - HLF,"Employed Persons, Full & Part-Time Status by Sex",,,,,,,Unemployed Part-Time,,,,,,,,,,,,,,,,,,,,,,,,,,,,,,,,,,Total Both Sexes,,,,,,,
FINAL,1521,HLFQ.SIK3,1990.12,27.9,Number,3,Household Labour Force Survey - HLF,"Employed Persons, Full & Part-Time Status by Sex",,,,,,,Unemployed Part-Time,,,,,,,,,,,,,,,,,,,,,,,,,,,,,,,,,,Total Both Sexes,,,,,,,
FINAL,1521,HLFQ.SIK3,1991.03,35.0,Number,3,Household Labour Force Survey - HLF,"Employed Persons, Full & Part-Time Status by Sex",,,,,,,Unemployed Part-Time,,,,,,,,,,,,,,,,,,,,,,,,,,,,,,,,,,Total Both Sexes,,,,,,,
FINAL,1521,HLFQ.SIK3,1991.06,33.8,Number,3,Household Labour Force Survey - HLF,"Employed Persons, Full & Part-Time Status by Sex",,,,,,,Unemployed Part-Time,,,,,,,,,,,,,,,,,,,,,,,,,,,,,,,,,,Total Both Sexes,,,,,,,
FINAL,1521,HLFQ.SIK3,1991.09,33.5,Number,3,Household Labour Force Survey - HLF,"Employed Persons, Full & Part-Time Status by Sex",,,,,,,Unemployed Part-Time,,,,,,,,,,,,,,,,,,,,,,,,,,,,,,,,,,Total Both Sexes,,,,,,,
FINAL,1521,HLFQ.SIK3,1991.12,31.3,Number,3,Household Labour Force Survey - HLF,"Employed Persons, Full & Part-Time Status by Sex",,,,,,,Unemployed Part-Time,,,,,,,,,,,,,,,,,,,,,,,,,,,,,,,,,,Total Both Sexes,,,,,,,
FINAL,1521,HLFQ.SIK3,1992.03,36.4,Number,3,Household Labour Force Survey - HLF,"Employed Persons, Full & Part-Time Status by Sex",,,,,,,Unemployed Part-Time,,,,,,,,,,,,,,,,,,,,,,,,,,,,,,,,,,Total Both Sexes,,,,,,,
FINAL,1521,HLFQ.SIK3,1992.06,35.5,Number,3,Household Labour Force Survey - HLF,"Employed Persons, Full & Part-Time Status by Sex",,,,,,,Unemployed Part-Time,,,,,,,,,,,,,,,,,,,,,,,,,,,,,,,,,,Total Both Sexes,,,,,,,
FINAL,1521,HLFQ.SIK3,1992.09,30.4,Number,3,Household Labour Force Survey - HLF,"Employed Persons, Full & Part-Time Status by Sex",,,,,,,Unemployed Part-Time,,,,,,,,,,,,,,,,,,,,,,,,,,,,,,,,,,Total Both Sexes,,,,,,,
FINAL,1521,HLFQ.SIK3,1992.12,31.9,Number,3,Household Labour Force Survey - HLF,"Employed Persons, Full & Part-Time Status by Sex",,,,,,,Unemployed Part-Time,,,,,,,,,,,,,,,,,,,,,,,,,,,,,,,,,,Total Both Sexes,,,,,,,
FINAL,1521,HLFQ.SIK3,1993.03,34.5,Number,3,Household Labour Force Survey - HLF,"Employed Persons, Full & Part-Time Status by Sex",,,,,,,Unemployed Part-Time,,,,,,,,,,,,,,,,,,,,,,,,,,,,,,,,,,Total Both Sexes,,,,,,,
FINAL,1521,HLFQ.SIK3,1993.06,31.9,Number,3,Household Labour Force Survey - HLF,"Employed Persons, Full & Part-Time Status by Sex",,,,,,,Unemployed Part-Time,,,,,,,,,,,,,,,,,,,,,,,,,,,,,,,,,,Total Both Sexes,,,,,,,
FINAL,1521,HLFQ.SIK3,1993.09,26.3,Number,3,Household Labour Force Survey - HLF,"Employed Persons, Full & Part-Time Status by Sex",,,,,,,Unemployed Part-Time,,,,,,,,,,,,,,,,,,,,,,,,,,,,,,,,,,Total Both Sexes,,,,,,,
FINAL,1521,HLFQ.SIK3,1993.12,29.5,Number,3,Household Labour Force Survey - HLF,"Employed Persons, Full & Part-Time Status by Sex",,,,,,,Unemployed Part-Time,,,,,,,,,,,,,,,,,,,,,,,,,,,,,,,,,,Total Both Sexes,,,,,,,
FINAL,1521,HLFQ.SIK3,1994.03,34.4,Number,3,Household Labour Force Survey - HLF,"Employed Persons, Full & Part-Time Status by Sex",,,,,,,Unemployed Part-Time,,,,,,,,,,,,,,,,,,,,,,,,,,,,,,,,,,Total Both Sexes,,,,,,,
FINAL,1521,HLFQ.SIK3,1994.06,28.9,Number,3,Household Labour Force Survey - HLF,"Employed Persons, Full & Part-Time Status by Sex",,,,,,,Unemployed Part-Time,,,,,,,,,,,,,,,,,,,,,,,,,,,,,,,,,,Total Both Sexes,,,,,,,
FINAL,1521,HLFQ.SIK3,1994.09,25.9,Number,3,Household Labour Force Survey - HLF,"Employed Persons, Full & Part-Time Status by Sex",,,,,,,Unemployed Part-Time,,,,,,,,,,,,,,,,,,,,,,,,,,,,,,,,,,Total Both Sexes,,,,,,,
FINAL,1521,HLFQ.SIK3,1994.12,25.7,Number,3,Household Labour Force Survey - HLF,"Employed Persons, Full & Part-Time Status by Sex",,,,,,,Unemployed Part-Time,,,,,,,,,,,,,,,,,,,,,,,,,,,,,,,,,,Total Both Sexes,,,,,,,
FINAL,1521,HLFQ.SIK3,1995.03,28.1,Number,3,Household Labour Force Survey - HLF,"Employed Persons, Full & Part-Time Status by Sex",,,,,,,Unemployed Part-Time,,,,,,,,,,,,,,,,,,,,,,,,,,,,,,,,,,Total Both Sexes,,,,,,,
FINAL,1521,HLFQ.SIK3,1995.06,25.8,Number,3,Household Labour Force Survey - HLF,"Employed Persons, Full & Part-Time Status by Sex",,,,,,,Unemployed Part-Time,,,,,,,,,,,,,,,,,,,,,,,,,,,,,,,,,,Total Both Sexes,,,,,,,
FINAL,1521,HLFQ.SIK3,1995.09,26.6,Number,3,Household Labour Force Survey - HLF,"Employed Persons, Full & Part-Time Status by Sex",,,,,,,Unemployed Part-Time,,,,,,,,,,,,,,,,,,,,,,,,,,,,,,,,,,Total Both Sexes,,,,,,,
FINAL,1521,HLFQ.SIK3,1995.12,30.1,Number,3,Household Labour Force Survey - HLF,"Employed Persons, Full & Part-Time Status by Sex",,,,,,,Unemployed Part-Time,,,,,,,,,,,,,,,,,,,,,,,,,,,,,,,,,,Total Both Sexes,,,,,,,
FINAL,1521,HLFQ.SIK3,1996.03,34.7,Number,3,Household Labour Force Survey - HLF,"Employed Persons, Full & Part-Time Status by Sex",,,,,,,Unemployed Part-Time,,,,,,,,,,,,,,,,,,,,,,,,,,,,,,,,,,Total Both Sexes,,,,,,,
FINAL,1521,HLFQ.SIK3,1996.06,31.8,Number,3,Household Labour Force Survey - HLF,"Employed Persons, Full & Part-Time Status by Sex",,,,,,,Unemployed Part-Time,,,,,,,,,,,,,,,,,,,,,,,,,,,,,,,,,,Total Both Sexes,,,,,,,
FINAL,1521,HLFQ.SIK3,1996.09,35.8,Number,3,Household Labour Force Survey - HLF,"Employed Persons, Full & Part-Time Status by Sex",,,,,,,Unemployed Part-Time,,,,,,,,,,,,,,,,,,,,,,,,,,,,,,,,,,Total Both Sexes,,,,,,,
FINAL,1521,HLFQ.SIK3,1996.12,30.5,Number,3,Household Labour Force Survey - HLF,"Employed Persons, Full & Part-Time Status by Sex",,,,,,,Unemployed Part-Time,,,,,,,,,,,,,,,,,,,,,,,,,,,,,,,,,,Total Both Sexes,,,,,,,
FINAL,1521,HLFQ.SIK3,1997.03,38.6,Number,3,Household Labour Force Survey - HLF,"Employed Persons, Full & Part-Time Status by Sex",,,,,,,Unemployed Part-Time,,,,,,,,,,,,,,,,,,,,,,,,,,,,,,,,,,Total Both Sexes,,,,,,,
FINAL,1521,HLFQ.SIK3,1997.06,34.0,Number,3,Household Labour Force Survey - HLF,"Employed Persons, Full & Part-Time Status by Sex",,,,,,,Unemployed Part-Time,,,,,,,,,,,,,,,,,,,,,,,,,,,,,,,,,,Total Both Sexes,,,,,,,
FINAL,1521,HLFQ.SIK3,1997.09,38.3,Number,3,Household Labour Force Survey - HLF,"Employed Persons, Full & Part-Time Status by Sex",,,,,,,Unemployed Part-Time,,,,,,,,,,,,,,,,,,,,,,,,,,,,,,,,,,Total Both Sexes,,,,,,,
FINAL,1521,HLFQ.SIK3,1997.12,34.6,Number,3,Household Labour Force Survey - HLF,"Employed Persons, Full & Part-Time Status by Sex",,,,,,,Unemployed Part-Time,,,,,,,,,,,,,,,,,,,,,,,,,,,,,,,,,,Total Both Sexes,,,,,,,
FINAL,1521,HLFQ.SIK3,1998.03,43.3,Number,3,Household Labour Force Survey - HLF,"Employed Persons, Full & Part-Time Status by Sex",,,,,,,Unemployed Part-Time,,,,,,,,,,,,,,,,,,,,,,,,,,,,,,,,,,Total Both Sexes,,,,,,,
FINAL,1521,HLFQ.SIK3,1998.06,46.4,Number,3,Household Labour Force Survey - HLF,"Employed Persons, Full & Part-Time Status by Sex",,,,,,,Unemployed Part-Time,,,,,,,,,,,,,,,,,,,,,,,,,,,,,,,,,,Total Both Sexes,,,,,,,
FINAL,1521,HLFQ.SIK3,1998.09,41.3,Number,3,Household Labour Force Survey - HLF,"Employed Persons, Full & Part-Time Status by Sex",,,,,,,Unemployed Part-Time,,,,,,,,,,,,,,,,,,,,,,,,,,,,,,,,,,Total Both Sexes,,,,,,,
FINAL,1521,HLFQ.SIK3,1998.12,38.4,Number,3,Household Labour Force Survey - HLF,"Employed Persons, Full & Part-Time Status by Sex",,,,,,,Unemployed Part-Time,,,,,,,,,,,,,,,,,,,,,,,,,,,,,,,,,,Total Both Sexes,,,,,,,
FINAL,1521,HLFQ.SIK3,1999.03,42.6,Number,3,Household Labour Force Survey - HLF,"Employed Persons, Full & Part-Time Status by Sex",,,,,,,Unemployed Part-Time,,,,,,,,,,,,,,,,,,,,,,,,,,,,,,,,,,Total Both Sexes,,,,,,,
FINAL,1521,HLFQ.SIK3,1999.06,35.9,Number,3,Household Labour Force Survey - HLF,"Employed Persons, Full & Part-Time Status by Sex",,,,,,,Unemployed Part-Time,,,,,,,,,,,,,,,,,,,,,,,,,,,,,,,,,,Total Both Sexes,,,,,,,
FINAL,1521,HLFQ.SIK3,1999.09,36.3,Number,3,Household Labour Force Survey - HLF,"Employed Persons, Full & Part-Time Status by Sex",,,,,,,Unemployed Part-Time,,,,,,,,,,,,,,,,,,,,,,,,,,,,,,,,,,Total Both Sexes,,,,,,,
FINAL,1521,HLFQ.SIK3,1999.12,37.4,Number,3,Household Labour Force Survey - HLF,"Employed Persons, Full & Part-Time Status by Sex",,,,,,,Unemployed Part-Time,,,,,,,,,,,,,,,,,,,,,,,,,,,,,,,,,,Total Both Sexes,,,,,,,
FINAL,1521,HLFQ.SIK3,2000.03,41.5,Number,3,Household Labour Force Survey - HLF,"Employed Persons, Full & Part-Time Status by Sex",,,,,,,Unemployed Part-Time,,,,,,,,,,,,,,,,,,,,,,,,,,,,,,,,,,Total Both Sexes,,,,,,,
FINAL,1521,HLFQ.SIK3,2000.06,38.6,Number,3,Household Labour Force Survey - HLF,"Employed Persons, Full & Part-Time Status by Sex",,,,,,,Unemployed Part-Time,,,,,,,,,,,,,,,,,,,,,,,,,,,,,,,,,,Total Both Sexes,,,,,,,
FINAL,1521,HLFQ.SIK3,2000.09,34.4,Number,3,Household Labour Force Survey - HLF,"Employed Persons, Full & Part-Time Status by Sex",,,,,,,Unemployed Part-Time,,,,,,,,,,,,,,,,,,,,,,,,,,,,,,,,,,Total Both Sexes,,,,,,,
FINAL,1521,HLFQ.SIK3,2000.12,28.0,Number,3,Household Labour Force Survey - HLF,"Employed Persons, Full & Part-Time Status by Sex",,,,,,,Unemployed Part-Time,,,,,,,,,,,,,,,,,,,,,,,,,,,,,,,,,,Total Both Sexes,,,,,,,
FINAL,1521,HLFQ.SIK3,2001.03,33.2,Number,3,Household Labour Force Survey - HLF,"Employed Persons, Full & Part-Time Status by Sex",,,,,,,Unemployed Part-Time,,,,,,,,,,,,,,,,,,,,,,,,,,,,,,,,,,Total Both Sexes,,,,,,,
FINAL,1521,HLFQ.SIK3,2001.06,35.8,Number,3,Household Labour Force Survey - HLF,"Employed Persons, Full & Part-Time Status by Sex",,,,,,,Unemployed Part-Time,,,,,,,,,,,,,,,,,,,,,,,,,,,,,,,,,,Total Both Sexes,,,,,,,
FINAL,1521,HLFQ.SIK3,2001.09,36.2,Number,3,Household Labour Force Survey - HLF,"Employed Persons, Full & Part-Time Status by Sex",,,,,,,Unemployed Part-Time,,,,,,,,,,,,,,,,,,,,,,,,,,,,,,,,,,Total Both Sexes,,,,,,,
FINAL,1521,HLFQ.SIK3,2001.12,34.8,Number,3,Household Labour Force Survey - HLF,"Employed Persons, Full & Part-Time Status by Sex",,,,,,,Unemployed Part-Time,,,,,,,,,,,,,,,,,,,,,,,,,,,,,,,,,,Total Both Sexes,,,,,,,
FINAL,1521,HLFQ.SIK3,2002.03,39.1,Number,3,Household Labour Force Survey - HLF,"Employed Persons, Full & Part-Time Status by Sex",,,,,,,Unemployed Part-Time,,,,,,,,,,,,,,,,,,,,,,,,,,,,,,,,,,Total Both Sexes,,,,,,,
FINAL,1521,HLFQ.SIK3,2002.06,33.9,Number,3,Household Labour Force Survey - HLF,"Employed Persons, Full & Part-Time Status by Sex",,,,,,,Unemployed Part-Time,,,,,,,,,,,,,,,,,,,,,,,,,,,,,,,,,,Total Both Sexes,,,,,,,
FINAL,1521,HLFQ.SIK3,2002.09,39.2,Number,3,Household Labour Force Survey - HLF,"Employed Persons, Full & Part-Time Status by Sex",,,,,,,Unemployed Part-Time,,,,,,,,,,,,,,,,,,,,,,,,,,,,,,,,,,Total Both Sexes,,,,,,,
FINAL,1521,HLFQ.SIK3,2002.12,32.6,Number,3,Household Labour Force Survey - HLF,"Employed Persons, Full & Part-Time Status by Sex",,,,,,,Unemployed Part-Time,,,,,,,,,,,,,,,,,,,,,,,,,,,,,,,,,,Total Both Sexes,,,,,,,
FINAL,1521,HLFQ.SIK3,2003.03,38.3,Number,3,Household Labour Force Survey - HLF,"Employed Persons, Full & Part-Time Status by Sex",,,,,,,Unemployed Part-Time,,,,,,,,,,,,,,,,,,,,,,,,,,,,,,,,,,Total Both Sexes,,,,,,,
FINAL,1521,HLFQ.SIK3,2003.06,39.1,Number,3,Household Labour Force Survey - HLF,"Employed Persons, Full & Part-Time Status by Sex",,,,,,,Unemployed Part-Time,,,,,,,,,,,,,,,,,,,,,,,,,,,,,,,,,,Total Both Sexes,,,,,,,
FINAL,1521,HLFQ.SIK3,2003.09,28.9,Number,3,Household Labour Force Survey - HLF,"Employed Persons, Full & Part-Time Status by Sex",,,,,,,Unemployed Part-Time,,,,,,,,,,,,,,,,,,,,,,,,,,,,,,,,,,Total Both Sexes,,,,,,,
FINAL,1521,HLFQ.SIK3,2003.12,29.0,Number,3,Household Labour Force Survey - HLF,"Employed Persons, Full & Part-Time Status by Sex",,,,,,,Unemployed Part-Time,,,,,,,,,,,,,,,,,,,,,,,,,,,,,,,,,,Total Both Sexes,,,,,,,
FINAL,1521,HLFQ.SIK3,2004.03,34.5,Number,3,Household Labour Force Survey - HLF,"Employed Persons, Full & Part-Time Status by Sex",,,,,,,Unemployed Part-Time,,,,,,,,,,,,,,,,,,,,,,,,,,,,,,,,,,Total Both Sexes,,,,,,,
FINAL,1521,HLFQ.SIK3,2004.06,32.5,Number,3,Household Labour Force Survey - HLF,"Employed Persons, Full & Part-Time Status by Sex",,,,,,,Unemployed Part-Time,,,,,,,,,,,,,,,,,,,,,,,,,,,,,,,,,,Total Both Sexes,,,,,,,
FINAL,1521,HLFQ.SIK3,2004.09,30.7,Number,3,Household Labour Force Survey - HLF,"Employed Persons, Full & Part-Time Status by Sex",,,,,,,Unemployed Part-Time,,,,,,,,,,,,,,,,,,,,,,,,,,,,,,,,,,Total Both Sexes,,,,,,,
FINAL,1521,HLFQ.SIK3,2004.12,27.9,Number,3,Household Labour Force Survey - HLF,"Employed Persons, Full & Part-Time Status by Sex",,,,,,,Unemployed Part-Time,,,,,,,,,,,,,,,,,,,,,,,,,,,,,,,,,,Total Both Sexes,,,,,,,
FINAL,1521,HLFQ.SIK3,2005.03,35.3,Number,3,Household Labour Force Survey - HLF,"Employed Persons, Full & Part-Time Status by Sex",,,,,,,Unemployed Part-Time,,,,,,,,,,,,,,,,,,,,,,,,,,,,,,,,,,Total Both Sexes,,,,,,,
FINAL,1521,HLFQ.SIK3,2005.06,30.3,Number,3,Household Labour Force Survey - HLF,"Employed Persons, Full & Part-Time Status by Sex",,,,,,,Unemployed Part-Time,,,,,,,,,,,,,,,,,,,,,,,,,,,,,,,,,,Total Both Sexes,,,,,,,
FINAL,1521,HLFQ.SIK3,2005.09,29.8,Number,3,Household Labour Force Survey - HLF,"Employed Persons, Full & Part-Time Status by Sex",,,,,,,Unemployed Part-Time,,,,,,,,,,,,,,,,,,,,,,,,,,,,,,,,,,Total Both Sexes,,,,,,,
FINAL,1521,HLFQ.SIK3,2005.12,30.1,Number,3,Household Labour Force Survey - HLF,"Employed Persons, Full & Part-Time Status by Sex",,,,,,,Unemployed Part-Time,,,,,,,,,,,,,,,,,,,,,,,,,,,,,,,,,,Total Both Sexes,,,,,,,
FINAL,1521,HLFQ.SIK3,2006.03,36.5,Number,3,Household Labour Force Survey - HLF,"Employed Persons, Full & Part-Time Status by Sex",,,,,,,Unemployed Part-Time,,,,,,,,,,,,,,,,,,,,,,,,,,,,,,,,,,Total Both Sexes,,,,,,,
FINAL,1521,HLFQ.SIK3,2006.06,29.3,Number,3,Household Labour Force Survey - HLF,"Employed Persons, Full & Part-Time Status by Sex",,,,,,,Unemployed Part-Time,,,,,,,,,,,,,,,,,,,,,,,,,,,,,,,,,,Total Both Sexes,,,,,,,
FINAL,1521,HLFQ.SIK3,2006.09,31.6,Number,3,Household Labour Force Survey - HLF,"Employed Persons, Full & Part-Time Status by Sex",,,,,,,Unemployed Part-Time,,,,,,,,,,,,,,,,,,,,,,,,,,,,,,,,,,Total Both Sexes,,,,,,,
FINAL,1521,HLFQ.SIK3,2006.12,29.5,Number,3,Household Labour Force Survey - HLF,"Employed Persons, Full & Part-Time Status by Sex",,,,,,,Unemployed Part-Time,,,,,,,,,,,,,,,,,,,,,,,,,,,,,,,,,,Total Both Sexes,,,,,,,
FINAL,1521,HLFQ.SIK3,2007.03,36.2,Number,3,Household Labour Force Survey - HLF,"Employed Persons, Full & Part-Time Status by Sex",,,,,,,Unemployed Part-Time,,,,,,,,,,,,,,,,,,,,,,,,,,,,,,,,,,Total Both Sexes,,,,,,,
FINAL,1521,HLFQ.SIK3,2007.06,35.1,Number,3,Household Labour Force Survey - HLF,"Employed Persons, Full & Part-Time Status by Sex",,,,,,,Unemployed Part-Time,,,,,,,,,,,,,,,,,,,,,,,,,,,,,,,,,,Total Both Sexes,,,,,,,
FINAL,1521,HLFQ.SIK3,2007.09,35.3,Number,3,Household Labour Force Survey - HLF,"Employed Persons, Full & Part-Time Status by Sex",,,,,,,Unemployed Part-Time,,,,,,,,,,,,,,,,,,,,,,,,,,,,,,,,,,Total Both Sexes,,,,,,,
FINAL,1521,HLFQ.SIK3,2007.12,26.3,Number,3,Household Labour Force Survey - HLF,"Employed Persons, Full & Part-Time Status by Sex",,,,,,,Unemployed Part-Time,,,,,,,,,,,,,,,,,,,,,,,,,,,,,,,,,,Total Both Sexes,,,,,,,
FINAL,1521,HLFQ.SIK3,2008.03,31.8,Number,3,Household Labour Force Survey - HLF,"Employed Persons, Full & Part-Time Status by Sex",,,,,,,Unemployed Part-Time,,,,,,,,,,,,,,,,,,,,,,,,,,,,,,,,,,Total Both Sexes,,,,,,,
FINAL,1521,HLFQ.SIK3,2008.06,34.1,Number,3,Household Labour Force Survey - HLF,"Employed Persons, Full & Part-Time Status by Sex",,,,,,,Unemployed Part-Time,,,,,,,,,,,,,,,,,,,,,,,,,,,,,,,,,,Total Both Sexes,,,,,,,
FINAL,1521,HLFQ.SIK3,2008.09,35.7,Number,3,Household Labour Force Survey - HLF,"Employed Persons, Full & Part-Time Status by Sex",,,,,,,Unemployed Part-Time,,,,,,,,,,,,,,,,,,,,,,,,,,,,,,,,,,Total Both Sexes,,,,,,,
FINAL,1521,HLFQ.SIK3,2008.12,37.6,Number,3,Household Labour Force Survey - HLF,"Employed Persons, Full & Part-Time Status by Sex",,,,,,,Unemployed Part-Time,,,,,,,,,,,,,,,,,,,,,,,,,,,,,,,,,,Total Both Sexes,,,,,,,
FINAL,1521,HLFQ.SIK3,2009.03,40.7,Number,3,Household Labour Force Survey - HLF,"Employed Persons, Full & Part-Time Status by Sex",,,,,,,Unemployed Part-Time,,,,,,,,,,,,,,,,,,,,,,,,,,,,,,,,,,Total Both Sexes,,,,,,,
FINAL,1521,HLFQ.SIK3,2009.06,42.6,Number,3,Household Labour Force Survey - HLF,"Employed Persons, Full & Part-Time Status by Sex",,,,,,,Unemployed Part-Time,,,,,,,,,,,,,,,,,,,,,,,,,,,,,,,,,,Total Both Sexes,,,,,,,
FINAL,1521,HLFQ.SIK3,2009.09,50.2,Number,3,Household Labour Force Survey - HLF,"Employed Persons, Full & Part-Time Status by Sex",,,,,,,Unemployed Part-Time,,,,,,,,,,,,,,,,,,,,,,,,,,,,,,,,,,Total Both Sexes,,,,,,,
FINAL,1521,HLFQ.SIK3,2009.12,51.1,Number,3,Household Labour Force Survey - HLF,"Employed Persons, Full & Part-Time Status by Sex",,,,,,,Unemployed Part-Time,,,,,,,,,,,,,,,,,,,,,,,,,,,,,,,,,,Total Both Sexes,,,,,,,
FINAL,1521,HLFQ.SIK3,2010.03,50.1,Number,3,Household Labour Force Survey - HLF,"Employed Persons, Full & Part-Time Status by Sex",,,,,,,Unemployed Part-Time,,,,,,,,,,,,,,,,,,,,,,,,,,,,,,,,,,Total Both Sexes,,,,,,,
FINAL,1521,HLFQ.SIK3,2010.06,51.8,Number,3,Household Labour Force Survey - HLF,"Employed Persons, Full & Part-Time Status by Sex",,,,,,,Unemployed Part-Time,,,,,,,,,,,,,,,,,,,,,,,,,,,,,,,,,,Total Both Sexes,,,,,,,
FINAL,1521,HLFQ.SIK3,2010.09,45.8,Number,3,Household Labour Force Survey - HLF,"Employed Persons, Full & Part-Time Status by Sex",,,,,,,Unemployed Part-Time,,,,,,,,,,,,,,,,,,,,,,,,,,,,,,,,,,Total Both Sexes,,,,,,,
FINAL,1521,HLFQ.SIK3,2010.12,50.2,Number,3,Household Labour Force Survey - HLF,"Employed Persons, Full & Part-Time Status by Sex",,,,,,,Unemployed Part-Time,,,,,,,,,,,,,,,,,,,,,,,,,,,,,,,,,,Total Both Sexes,,,,,,,
FINAL,1521,HLFQ.SIK3,2011.03,53.8,Number,3,Household Labour Force Survey - HLF,"Employed Persons, Full & Part-Time Status by Sex",,,,,,,Unemployed Part-Time,,,,,,,,,,,,,,,,,,,,,,,,,,,,,,,,,,Total Both Sexes,,,,,,,
FINAL,1521,HLFQ.SIK3,2011.06,48.8,Number,3,Household Labour Force Survey - HLF,"Employed Persons, Full & Part-Time Status by Sex",,,,,,,Unemployed Part-Time,,,,,,,,,,,,,,,,,,,,,,,,,,,,,,,,,,Total Both Sexes,,,,,,,
FINAL,1521,HLFQ.SIK3,2011.09,46.0,Number,3,Household Labour Force Survey - HLF,"Employed Persons, Full & Part-Time Status by Sex",,,,,,,Unemployed Part-Time,,,,,,,,,,,,,,,,,,,,,,,,,,,,,,,,,,Total Both Sexes,,,,,,,
FINAL,1521,HLFQ.SIK3,2011.12,46.4,Number,3,Household Labour Force Survey - HLF,"Employed Persons, Full & Part-Time Status by Sex",,,,,,,Unemployed Part-Time,,,,,,,,,,,,,,,,,,,,,,,,,,,,,,,,,,Total Both Sexes,,,,,,,
FINAL,1521,HLFQ.SIK3,2012.03,56.4,Number,3,Household Labour Force Survey - HLF,"Employed Persons, Full & Part-Time Status by Sex",,,,,,,Unemployed Part-Time,,,,,,,,,,,,,,,,,,,,,,,,,,,,,,,,,,Total Both Sexes,,,,,,,
FINAL,1521,HLFQ.SIK3,2012.06,54.3,Number,3,Household Labour Force Survey - HLF,"Employed Persons, Full & Part-Time Status by Sex",,,,,,,Unemployed Part-Time,,,,,,,,,,,,,,,,,,,,,,,,,,,,,,,,,,Total Both Sexes,,,,,,,
FINAL,1521,HLFQ.SIK3,2012.09,54.5,Number,3,Household Labour Force Survey - HLF,"Employed Persons, Full & Part-Time Status by Sex",,,,,,,Unemployed Part-Time,,,,,,,,,,,,,,,,,,,,,,,,,,,,,,,,,,Total Both Sexes,,,,,,,
FINAL,1521,HLFQ.SIK3,2012.12,51.2,Number,3,Household Labour Force Survey - HLF,"Employed Persons, Full & Part-Time Status by Sex",,,,,,,Unemployed Part-Time,,,,,,,,,,,,,,,,,,,,,,,,,,,,,,,,,,Total Both Sexes,,,,,,,
FINAL,1521,HLFQ.SIK3,2013.03,50.3,Number,3,Household Labour Force Survey - HLF,"Employed Persons, Full & Part-Time Status by Sex",,,,,,,Unemployed Part-Time,,,,,,,,,,,,,,,,,,,,,,,,,,,,,,,,,,Total Both Sexes,,,,,,,
FINAL,1521,HLFQ.SIK3,2013.06,50.8,Number,3,Household Labour Force Survey - HLF,"Employed Persons, Full & Part-Time Status by Sex",,,,,,,Unemployed Part-Time,,,,,,,,,,,,,,,,,,,,,,,,,,,,,,,,,,Total Both Sexes,,,,,,,
FINAL,1521,HLFQ.SIK3,2013.09,52.0,Number,3,Household Labour Force Survey - HLF,"Employed Persons, Full & Part-Time Status by Sex",,,,,,,Unemployed Part-Time,,,,,,,,,,,,,,,,,,,,,,,,,,,,,,,,,,Total Both Sexes,,,,,,,
FINAL,1521,HLFQ.SIK3,2013.12,49.3,Number,3,Household Labour Force Survey - HLF,"Employed Persons, Full & Part-Time Status by Sex",,,,,,,Unemployed Part-Time,,,,,,,,,,,,,,,,,,,,,,,,,,,,,,,,,,Total Both Sexes,,,,,,,
FINAL,1521,HLFQ.SIK3,2014.03,53.7,Number,3,Household Labour Force Survey - HLF,"Employed Persons, Full & Part-Time Status by Sex",,,,,,,Unemployed Part-Time,,,,,,,,,,,,,,,,,,,,,,,,,,,,,,,,,,Total Both Sexes,,,,,,,
FINAL,1521,HLFQ.SIK3,2014.06,45.0,Number,3,Household Labour Force Survey - HLF,"Employed Persons, Full & Part-Time Status by Sex",,,,,,,Unemployed Part-Time,,,,,,,,,,,,,,,,,,,,,,,,,,,,,,,,,,Total Both Sexes,,,,,,,
FINAL,1521,HLFQ.SIK3,2014.09,45.8,Number,3,Household Labour Force Survey - HLF,"Employed Persons, Full & Part-Time Status by Sex",,,,,,,Unemployed Part-Time,,,,,,,,,,,,,,,,,,,,,,,,,,,,,,,,,,Total Both Sexes,,,,,,,
FINAL,1521,HLFQ.SIK3,2014.12,44.7,Number,3,Household Labour Force Survey - HLF,"Employed Persons, Full & Part-Time Status by Sex",,,,,,,Unemployed Part-Time,,,,,,,,,,,,,,,,,,,,,,,,,,,,,,,,,,Total Both Sexes,,,,,,,
FINAL,1521,HLFQ.SIK3,2015.03,54.6,Number,3,Household Labour Force Survey - HLF,"Employed Persons, Full & Part-Time Status by Sex",,,,,,,Unemployed Part-Time,,,,,,,,,,,,,,,,,,,,,,,,,,,,,,,,,,Total Both Sexes,,,,,,,
FINAL,1521,HLFQ.SIK3,2015.06,51.3,Number,3,Household Labour Force Survey - HLF,"Employed Persons, Full & Part-Time Status by Sex",,,,,,,Unemployed Part-Time,,,,,,,,,,,,,,,,,,,,,,,,,,,,,,,,,,Total Both Sexes,,,,,,,
FINAL,1521,HLFQ.SIK3,2015.09,52.8,Number,3,Household Labour Force Survey - HLF,"Employed Persons, Full & Part-Time Status by Sex",,,,,,,Unemployed Part-Time,,,,,,,,,,,,,,,,,,,,,,,,,,,,,,,,,,Total Both Sexes,,,,,,,
FINAL,1521,HLFQ.SIK3,2015.12,45.7,Number,3,Household Labour Force Survey - HLF,"Employed Persons, Full & Part-Time Status by Sex",,,,,,,Unemployed Part-Time,,,,,,,,,,,,,,,,,,,,,,,,,,,,,,,,,,Total Both Sexes,,,,,,,
FINAL,1521,HLFQ.SIK3,2016.03,49.8,Number,3,Household Labour Force Survey - HLF,"Employed Persons, Full & Part-Time Status by Sex",,,,,,,Unemployed Part-Time,,,,,,,,,,,,,,,,,,,,,,,,,,,,,,,,,,Total Both Sexes,,,,,,,
FINAL,1521,HLFQ.SIK3,2016.06,42.3,Number,3,Household Labour Force Survey - HLF,"Employed Persons, Full & Part-Time Status by Sex",,,,,,,Unemployed Part-Time,,,,,,,,,,,,,,,,,,,,,,,,,,,,,,,,,,Total Both Sexes,,,,,,,
FINAL,1521,HLFQ.SIK3,2016.09,40.2,Number,3,Household Labour Force Survey - HLF,"Employed Persons, Full & Part-Time Status by Sex",,,,,,,Unemployed Part-Time,,,,,,,,,,,,,,,,,,,,,,,,,,,,,,,,,,Total Both Sexes,,,,,,,
FINAL,1521,HLFQ.SIK3,2016.12,48.8,Number,3,Household Labour Force Survey - HLF,"Employed Persons, Full & Part-Time Status by Sex",,,,,,,Unemployed Part-Time,,,,,,,,,,,,,,,,,,,,,,,,,,,,,,,,,,Total Both Sexes,,,,,,,
FINAL,1521,HLFQ.SIK3,2017.03,50.6,Number,3,Household Labour Force Survey - HLF,"Employed Persons, Full & Part-Time Status by Sex",,,,,,,Unemployed Part-Time,,,,,,,,,,,,,,,,,,,,,,,,,,,,,,,,,,Total Both Sexes,,,,,,,
FINAL,1521,HLFQ.SIK3,2017.06,39.9,Number,3,Household Labour Force Survey - HLF,"Employed Persons, Full & Part-Time Status by Sex",,,,,,,Unemployed Part-Time,,,,,,,,,,,,,,,,,,,,,,,,,,,,,,,,,,Total Both Sexes,,,,,,,
FINAL,1521,HLFQ.SIK3,2017.09,40.8,Number,3,Household Labour Force Survey - HLF,"Employed Persons, Full & Part-Time Status by Sex",,,,,,,Unemployed Part-Time,,,,,,,,,,,,,,,,,,,,,,,,,,,,,,,,,,Total Both Sexes,,,,,,,
FINAL,1521,HLFQ.SIK3,2017.12,39.3,Number,3,Household Labour Force Survey - HLF,"Employed Persons, Full & Part-Time Status by Sex",,,,,,,Unemployed Part-Time,,,,,,,,,,,,,,,,,,,,,,,,,,,,,,,,,,Total Both Sexes,,,,,,,
FINAL,1521,HLFQ.SIK3,2018.03,42.9,Number,3,Household Labour Force Survey - HLF,"Employed Persons, Full & Part-Time Status by Sex",,,,,,,Unemployed Part-Time,,,,,,,,,,,,,,,,,,,,,,,,,,,,,,,,,,Total Both Sexes,,,,,,,
FINAL,1521,HLFQ.SIK3,2018.06,41.0,Number,3,Household Labour Force Survey - HLF,"Employed Persons, Full & Part-Time Status by Sex",,,,,,,Unemployed Part-Time,,,,,,,,,,,,,,,,,,,,,,,,,,,,,,,,,,Total Both Sexes,,,,,,,
FINAL,1521,HLFQ.SIK3,2018.09,30.8,Number,3,Household Labour Force Survey - HLF,"Employed Persons, Full & Part-Time Status by Sex",,,,,,,Unemployed Part-Time,,,,,,,,,,,,,,,,,,,,,,,,,,,,,,,,,,Total Both Sexes,,,,,,,
FINAL,1521,HLFQ.SIK3,2018.12,37.4,Number,3,Household Labour Force Survey - HLF,"Employed Persons, Full & Part-Time Status by Sex",,,,,,,Unemployed Part-Time,,,,,,,,,,,,,,,,,,,,,,,,,,,,,,,,,,Total Both Sexes,,,,,,,
FINAL,1521,HLFQ.SIK3,2019.03,38.0,Number,3,Household Labour Force Survey - HLF,"Employed Persons, Full & Part-Time Status by Sex",,,,,,,Unemployed Part-Time,,,,,,,,,,,,,,,,,,,,,,,,,,,,,,,,,,Total Both Sexes,,,,,,,
FINAL,1521,HLFQ.SIK3,2019.06,35.9,Number,3,Household Labour Force Survey - HLF,"Employed Persons, Full & Part-Time Status by Sex",,,,,,,Unemployed Part-Time,,,,,,,,,,,,,,,,,,,,,,,,,,,,,,,,,,Total Both Sexes,,,,,,,
FINAL,1521,HLFQ.SIK3,2019.09,32.0,Number,3,Household Labour Force Survey - HLF,"Employed Persons, Full & Part-Time Status by Sex",,,,,,,Unemployed Part-Time,,,,,,,,,,,,,,,,,,,,,,,,,,,,,,,,,,Total Both Sexes,,,,,,,
FINAL,1521,HLFQ.SIK3,2019.12,36.9,Number,3,Household Labour Force Survey - HLF,"Employed Persons, Full & Part-Time Status by Sex",,,,,,,Unemployed Part-Time,,,,,,,,,,,,,,,,,,,,,,,,,,,,,,,,,,Total Both Sexes,,,,,,,
FINAL,1521,HLFQ.SIK3,2020.03,39.8,Number,3,Household Labour Force Survey - HLF,"Employed Persons, Full & Part-Time Status by Sex",,,,,,,Unemployed Part-Time,,,,,,,,,,,,,,,,,,,,,,,,,,,,,,,,,,Total Both Sexes,,,,,,,
FINAL,1521,HLFQ.SIK3,2020.06,29.6,Number,3,Household Labour Force Survey - HLF,"Employed Persons, Full & Part-Time Status by Sex",,,,,,,Unemployed Part-Time,,,,,,,,,,,,,,,,,,,,,,,,,,,,,,,,,,Total Both Sexes,,,,,,,
FINAL,1521,HLFQ.SIK3,2020.09,40.7,Number,3,Household Labour Force Survey - HLF,"Employed Persons, Full & Part-Time Status by Sex",,,,,,,Unemployed Part-Time,,,,,,,,,,,,,,,,,,,,,,,,,,,,,,,,,,Total Both Sexes,,,,,,,
FINAL,1521,HLFQ.SIK3,2020.12,41.2,Number,3,Household Labour Force Survey - HLF,"Employed Persons, Full & Part-Time Status by Sex",,,,,,,Unemployed Part-Time,,,,,,,,,,,,,,,,,,,,,,,,,,,,,,,,,,Total Both Sexes,,,,,,,
FINAL,1521,HLFQ.SIK3,2021.03,42.9,Number,3,Household Labour Force Survey - HLF,"Employed Persons, Full & Part-Time Status by Sex",,,,,,,Unemployed Part-Time,,,,,,,,,,,,,,,,,,,,,,,,,,,,,,,,,,Total Both Sexes,,,,,,,
FINAL,1521,HLFQ.SIK3,2021.06,35.9,Number,3,Household Labour Force Survey - HLF,"Employed Persons, Full & Part-Time Status by Sex",,,,,,,Unemployed Part-Time,,,,,,,,,,,,,,,,,,,,,,,,,,,,,,,,,,Total Both Sexes,,,,,,,
FINAL,1521,HLFQ.SIK3,2021.09,27.4,Number,3,Household Labour Force Survey - HLF,"Employed Persons, Full & Part-Time Status by Sex",,,,,,,Unemployed Part-Time,,,,,,,,,,,,,,,,,,,,,,,,,,,,,,,,,,Total Both Sexes,,,,,,,
FINAL,1521,HLFQ.SIK3,2021.12,25.8,Number,3,Household Labour Force Survey - HLF,"Employed Persons, Full & Part-Time Status by Sex",,,,,,,Unemployed Part-Time,,,,,,,,,,,,,,,,,,,,,,,,,,,,,,,,,,Total Both Sexes,,,,,,,
FINAL,1521,HLFQ.SIK3,2022.03,30.6,Number,3,Household Labour Force Survey - HLF,"Employed Persons, Full & Part-Time Status by Sex",,,,,,,Unemployed Part-Time,,,,,,,,,,,,,,,,,,,,,,,,,,,,,,,,,,Total Both Sexes,,,,,,,
FINAL,1521,HLFQ.SIK3,2022.06,30.7,Number,3,Household Labour Force Survey - HLF,"Employed Persons, Full & Part-Time Status by Sex",,,,,,,Unemployed Part-Time,,,,,,,,,,,,,,,,,,,,,,,,,,,,,,,,,,Total Both Sexes,,,,,,,
FINAL,1521,HLFQ.SIK3,2022.09,34.3,Number,3,Household Labour Force Survey - HLF,"Employed Persons, Full & Part-Time Status by Sex",,,,,,,Unemployed Part-Time,,,,,,,,,,,,,,,,,,,,,,,,,,,,,,,,,,Total Both Sexes,,,,,,,
FINAL,1521,HLFQ.SIK3,2022.12,34.0,Number,3,Household Labour Force Survey - HLF,"Employed Persons, Full & Part-Time Status by Sex",,,,,,,Unemployed Part-Time,,,,,,,,,,,,,,,,,,,,,,,,,,,,,,,,,,Total Both Sexes,,,,,,,
FINAL,1521,HLFQ.SIK3,2023.03,37.1,Number,3,Household Labour Force Survey - HLF,"Employed Persons, Full & Part-Time Status by Sex",,,,,,,Unemployed Part-Time,,,,,,,,,,,,,,,,,,,,,,,,,,,,,,,,,,Total Both Sexes,,,,,,,
FINAL,1521,HLFQ.SIK3,2023.06,37.8,Number,3,Household Labour Force Survey - HLF,"Employed Persons, Full & Part-Time Status by Sex",,,,,,,Unemployed Part-Time,,,,,,,,,,,,,,,,,,,,,,,,,,,,,,,,,,Total Both Sexes,,,,,,,
FINAL,1521,HLFQ.SIK3,2023.09,36.4,Number,3,Household Labour Force Survey - HLF,"Employed Persons, Full & Part-Time Status by Sex",,,,,,,Unemployed Part-Time,,,,,,,,,,,,,,,,,,,,,,,,,,,,,,,,,,Total Both Sexes,,,,,,,
FINAL,1521,HLFQ.SIK3,2023.12,40.3,Number,3,Household Labour Force Survey - HLF,"Employed Persons, Full & Part-Time Status by Sex",,,,,,,Unemployed Part-Time,,,,,,,,,,,,,,,,,,,,,,,,,,,,,,,,,,Total Both Sexes,,,,,,,
FINAL,1521,HLFQ.SIK3,2024.03,49.4,Number,3,Household Labour Force Survey - HLF,"Employed Persons, Full & Part-Time Status by Sex",,,,,,,Unemployed Part-Time,,,,,,,,,,,,,,,,,,,,,,,,,,,,,,,,,,Total Both Sexes,,,,,,,
FINAL,1521,HLFQ.SIK3,2024.06,47.5,Number,3,Household Labour Force Survey - HLF,"Employed Persons, Full & Part-Time Status by Sex",,,,,,,Unemployed Part-Time,,,,,,,,,,,,,,,,,,,,,,,,,,,,,,,,,,Total Both Sexes,,,,,,,
FINAL,1539,HLFQ.SIQ3,1986.03,6.7,Percent,0,Household Labour Force Survey - HLF,"Employed Persons, Full & Part-Time Status by Sex",,,,,,,Part-Time Unemployment Rate,,,,,,,,,,,,,,,,,,,,,,,,,,,,,,,,,,Total Both Sexes,,,,,,,
FINAL,1539,HLFQ.SIQ3,1986.06,5.8,Percent,0,Household Labour Force Survey - HLF,"Employed Persons, Full & Part-Time Status by Sex",,,,,,,Part-Time Unemployment Rate,,,,,,,,,,,,,,,,,,,,,,,,,,,,,,,,,,Total Both Sexes,,,,,,,
FINAL,1539,HLFQ.SIQ3,1986.09,6.2,Percent,0,Household Labour Force Survey - HLF,"Employed Persons, Full & Part-Time Status by Sex",,,,,,,Part-Time Unemployment Rate,,,,,,,,,,,,,,,,,,,,,,,,,,,,,,,,,,Total Both Sexes,,,,,,,
FINAL,1539,HLFQ.SIQ3,1986.12,5.5,Percent,0,Household Labour Force Survey - HLF,"Employed Persons, Full & Part-Time Status by Sex",,,,,,,Part-Time Unemployment Rate,,,,,,,,,,,,,,,,,,,,,,,,,,,,,,,,,,Total Both Sexes,,,,,,,
FINAL,1539,HLFQ.SIQ3,1987.03,6.2,Percent,0,Household Labour Force Survey - HLF,"Employed Persons, Full & Part-Time Status by Sex",,,,,,,Part-Time Unemployment Rate,,,,,,,,,,,,,,,,,,,,,,,,,,,,,,,,,,Total Both Sexes,,,,,,,
FINAL,1539,HLFQ.SIQ3,1987.06,5.6,Percent,0,Household Labour Force Survey - HLF,"Employed Persons, Full & Part-Time Status by Sex",,,,,,,Part-Time Unemployment Rate,,,,,,,,,,,,,,,,,,,,,,,,,,,,,,,,,,Total Both Sexes,,,,,,,
FINAL,1539,HLFQ.SIQ3,1987.09,5.3,Percent,0,Household Labour Force Survey - HLF,"Employed Persons, Full & Part-Time Status by Sex",,,,,,,Part-Time Unemployment Rate,,,,,,,,,,,,,,,,,,,,,,,,,,,,,,,,,,Total Both Sexes,,,,,,,
FINAL,1539,HLFQ.SIQ3,1987.12,5.3,Percent,0,Household Labour Force Survey - HLF,"Employed Persons, Full & Part-Time Status by Sex",,,,,,,Part-Time Unemployment Rate,,,,,,,,,,,,,,,,,,,,,,,,,,,,,,,,,,Total Both Sexes,,,,,,,
FINAL,1539,HLFQ.SIQ3,1988.03,6.4,Percent,0,Household Labour Force Survey - HLF,"Employed Persons, Full & Part-Time Status by Sex",,,,,,,Part-Time Unemployment Rate,,,,,,,,,,,,,,,,,,,,,,,,,,,,,,,,,,Total Both Sexes,,,,,,,
FINAL,1539,HLFQ.SIQ3,1988.06,6.1,Percent,0,Household Labour Force Survey - HLF,"Employed Persons, Full & Part-Time Status by Sex",,,,,,,Part-Time Unemployment Rate,,,,,,,,,,,,,,,,,,,,,,,,,,,,,,,,,,Total Both Sexes,,,,,,,
FINAL,1539,HLFQ.SIQ3,1988.09,7.2,Percent,0,Household Labour Force Survey - HLF,"Employed Persons, Full & Part-Time Status by Sex",,,,,,,Part-Time Unemployment Rate,,,,,,,,,,,,,,,,,,,,,,,,,,,,,,,,,,Total Both Sexes,,,,,,,
FINAL,1539,HLFQ.SIQ3,1988.12,5.9,Percent,0,Household Labour Force Survey - HLF,"Employed Persons, Full & Part-Time Status by Sex",,,,,,,Part-Time Unemployment Rate,,,,,,,,,,,,,,,,,,,,,,,,,,,,,,,,,,Total Both Sexes,,,,,,,
FINAL,1539,HLFQ.SIQ3,1989.03,7.5,Percent,0,Household Labour Force Survey - HLF,"Employed Persons, Full & Part-Time Status by Sex",,,,,,,Part-Time Unemployment Rate,,,,,,,,,,,,,,,,,,,,,,,,,,,,,,,,,,Total Both Sexes,,,,,,,
FINAL,1539,HLFQ.SIQ3,1989.06,8.0,Percent,0,Household Labour Force Survey - HLF,"Employed Persons, Full & Part-Time Status by Sex",,,,,,,Part-Time Unemployment Rate,,,,,,,,,,,,,,,,,,,,,,,,,,,,,,,,,,Total Both Sexes,,,,,,,
FINAL,1539,HLFQ.SIQ3,1989.09,7.9,Percent,0,Household Labour Force Survey - HLF,"Employed Persons, Full & Part-Time Status by Sex",,,,,,,Part-Time Unemployment Rate,,,,,,,,,,,,,,,,,,,,,,,,,,,,,,,,,,Total Both Sexes,,,,,,,
FINAL,1539,HLFQ.SIQ3,1989.12,8.9,Percent,0,Household Labour Force Survey - HLF,"Employed Persons, Full & Part-Time Status by Sex",,,,,,,Part-Time Unemployment Rate,,,,,,,,,,,,,,,,,,,,,,,,,,,,,,,,,,Total Both Sexes,,,,,,,
FINAL,1539,HLFQ.SIQ3,1990.03,9.1,Percent,0,Household Labour Force Survey - HLF,"Employed Persons, Full & Part-Time Status by Sex",,,,,,,Part-Time Unemployment Rate,,,,,,,,,,,,,,,,,,,,,,,,,,,,,,,,,,Total Both Sexes,,,,,,,
FINAL,1539,HLFQ.SIQ3,1990.06,7.9,Percent,0,Household Labour Force Survey - HLF,"Employed Persons, Full & Part-Time Status by Sex",,,,,,,Part-Time Unemployment Rate,,,,,,,,,,,,,,,,,,,,,,,,,,,,,,,,,,Total Both Sexes,,,,,,,
FINAL,1539,HLFQ.SIQ3,1990.09,7.5,Percent,0,Household Labour Force Survey - HLF,"Employed Persons, Full & Part-Time Status by Sex",,,,,,,Part-Time Unemployment Rate,,,,,,,,,,,,,,,,,,,,,,,,,,,,,,,,,,Total Both Sexes,,,,,,,
FINAL,1539,HLFQ.SIQ3,1990.12,8.2,Percent,0,Household Labour Force Survey - HLF,"Employed Persons, Full & Part-Time Status by Sex",,,,,,,Part-Time Unemployment Rate,,,,,,,,,,,,,,,,,,,,,,,,,,,,,,,,,,Total Both Sexes,,,,,,,
FINAL,1539,HLFQ.SIQ3,1991.03,10.3,Percent,0,Household Labour Force Survey - HLF,"Employed Persons, Full & Part-Time Status by Sex",,,,,,,Part-Time Unemployment Rate,,,,,,,,,,,,,,,,,,,,,,,,,,,,,,,,,,Total Both Sexes,,,,,,,
FINAL,1539,HLFQ.SIQ3,1991.06,9.4,Percent,0,Household Labour Force Survey - HLF,"Employed Persons, Full & Part-Time Status by Sex",,,,,,,Part-Time Unemployment Rate,,,,,,,,,,,,,,,,,,,,,,,,,,,,,,,,,,Total Both Sexes,,,,,,,
FINAL,1539,HLFQ.SIQ3,1991.09,9.3,Percent,0,Household Labour Force Survey - HLF,"Employed Persons, Full & Part-Time Status by Sex",,,,,,,Part-Time Unemployment Rate,,,,,,,,,,,,,,,,,,,,,,,,,,,,,,,,,,Total Both Sexes,,,,,,,
FINAL,1539,HLFQ.SIQ3,1991.12,8.9,Percent,0,Household Labour Force Survey - HLF,"Employed Persons, Full & Part-Time Status by Sex",,,,,,,Part-Time Unemployment Rate,,,,,,,,,,,,,,,,,,,,,,,,,,,,,,,,,,Total Both Sexes,,,,,,,
FINAL,1539,HLFQ.SIQ3,1992.03,10.1,Percent,0,Household Labour Force Survey - HLF,"Employed Persons, Full & Part-Time Status by Sex",,,,,,,Part-Time Unemployment Rate,,,,,,,,,,,,,,,,,,,,,,,,,,,,,,,,,,Total Both Sexes,,,,,,,
FINAL,1539,HLFQ.SIQ3,1992.06,9.8,Percent,0,Household Labour Force Survey - HLF,"Employed Persons, Full & Part-Time Status by Sex",,,,,,,Part-Time Unemployment Rate,,,,,,,,,,,,,,,,,,,,,,,,,,,,,,,,,,Total Both Sexes,,,,,,,
FINAL,1539,HLFQ.SIQ3,1992.09,8.5,Percent,0,Household Labour Force Survey - HLF,"Employed Persons, Full & Part-Time Status by Sex",,,,,,,Part-Time Unemployment Rate,,,,,,,,,,,,,,,,,,,,,,,,,,,,,,,,,,Total Both Sexes,,,,,,,
FINAL,1539,HLFQ.SIQ3,1992.12,8.9,Percent,0,Household Labour Force Survey - HLF,"Employed Persons, Full & Part-Time Status by Sex",,,,,,,Part-Time Unemployment Rate,,,,,,,,,,,,,,,,,,,,,,,,,,,,,,,,,,Total Both Sexes,,,,,,,
FINAL,1539,HLFQ.SIQ3,1993.03,9.9,Percent,0,Household Labour Force Survey - HLF,"Employed Persons, Full & Part-Time Status by Sex",,,,,,,Part-Time Unemployment Rate,,,,,,,,,,,,,,,,,,,,,,,,,,,,,,,,,,Total Both Sexes,,,,,,,
FINAL,1539,HLFQ.SIQ3,1993.06,8.8,Percent,0,Household Labour Force Survey - HLF,"Employed Persons, Full & Part-Time Status by Sex",,,,,,,Part-Time Unemployment Rate,,,,,,,,,,,,,,,,,,,,,,,,,,,,,,,,,,Total Both Sexes,,,,,,,
FINAL,1539,HLFQ.SIQ3,1993.09,7.4,Percent,0,Household Labour Force Survey - HLF,"Employed Persons, Full & Part-Time Status by Sex",,,,,,,Part-Time Unemployment Rate,,,,,,,,,,,,,,,,,,,,,,,,,,,,,,,,,,Total Both Sexes,,,,,,,
FINAL,1539,HLFQ.SIQ3,1993.12,8.2,Percent,0,Household Labour Force Survey - HLF,"Employed Persons, Full & Part-Time Status by Sex",,,,,,,Part-Time Unemployment Rate,,,,,,,,,,,,,,,,,,,,,,,,,,,,,,,,,,Total Both Sexes,,,,,,,
FINAL,1539,HLFQ.SIQ3,1994.03,9.4,Percent,0,Household Labour Force Survey - HLF,"Employed Persons, Full & Part-Time Status by Sex",,,,,,,Part-Time Unemployment Rate,,,,,,,,,,,,,,,,,,,,,,,,,,,,,,,,,,Total Both Sexes,,,,,,,
FINAL,1539,HLFQ.SIQ3,1994.06,7.6,Percent,0,Household Labour Force Survey - HLF,"Employed Persons, Full & Part-Time Status by Sex",,,,,,,Part-Time Unemployment Rate,,,,,,,,,,,,,,,,,,,,,,,,,,,,,,,,,,Total Both Sexes,,,,,,,
FINAL,1539,HLFQ.SIQ3,1994.09,6.9,Percent,0,Household Labour Force Survey - HLF,"Employed Persons, Full & Part-Time Status by Sex",,,,,,,Part-Time Unemployment Rate,,,,,,,,,,,,,,,,,,,,,,,,,,,,,,,,,,Total Both Sexes,,,,,,,
FINAL,1539,HLFQ.SIQ3,1994.12,6.9,Percent,0,Household Labour Force Survey - HLF,"Employed Persons, Full & Part-Time Status by Sex",,,,,,,Part-Time Unemployment Rate,,,,,,,,,,,,,,,,,,,,,,,,,,,,,,,,,,Total Both Sexes,,,,,,,
FINAL,1539,HLFQ.SIQ3,1995.03,7.5,Percent,0,Household Labour Force Survey - HLF,"Employed Persons, Full & Part-Time Status by Sex",,,,,,,Part-Time Unemployment Rate,,,,,,,,,,,,,,,,,,,,,,,,,,,,,,,,,,Total Both Sexes,,,,,,,
FINAL,1539,HLFQ.SIQ3,1995.06,6.7,Percent,0,Household Labour Force Survey - HLF,"Employed Persons, Full & Part-Time Status by Sex",,,,,,,Part-Time Unemployment Rate,,,,,,,,,,,,,,,,,,,,,,,,,,,,,,,,,,Total Both Sexes,,,,,,,
FINAL,1539,HLFQ.SIQ3,1995.09,6.8,Percent,0,Household Labour Force Survey - HLF,"Employed Persons, Full & Part-Time Status by Sex",,,,,,,Part-Time Unemployment Rate,,,,,,,,,,,,,,,,,,,,,,,,,,,,,,,,,,Total Both Sexes,,,,,,,
FINAL,1539,HLFQ.SIQ3,1995.12,7.6,Percent,0,Household Labour Force Survey - HLF,"Employed Persons, Full & Part-Time Status by Sex",,,,,,,Part-Time Unemployment Rate,,,,,,,,,,,,,,,,,,,,,,,,,,,,,,,,,,Total Both Sexes,,,,,,,
FINAL,1539,HLFQ.SIQ3,1996.03,8.7,Percent,0,Household Labour Force Survey - HLF,"Employed Persons, Full & Part-Time Status by Sex",,,,,,,Part-Time Unemployment Rate,,,,,,,,,,,,,,,,,,,,,,,,,,,,,,,,,,Total Both Sexes,,,,,,,
FINAL,1539,HLFQ.SIQ3,1996.06,7.6,Percent,0,Household Labour Force Survey - HLF,"Employed Persons, Full & Part-Time Status by Sex",,,,,,,Part-Time Unemployment Rate,,,,,,,,,,,,,,,,,,,,,,,,,,,,,,,,,,Total Both Sexes,,,,,,,
FINAL,1539,HLFQ.SIQ3,1996.09,8.0,Percent,0,Household Labour Force Survey - HLF,"Employed Persons, Full & Part-Time Status by Sex",,,,,,,Part-Time Unemployment Rate,,,,,,,,,,,,,,,,,,,,,,,,,,,,,,,,,,Total Both Sexes,,,,,,,
FINAL,1539,HLFQ.SIQ3,1996.12,7.4,Percent,0,Household Labour Force Survey - HLF,"Employed Persons, Full & Part-Time Status by Sex",,,,,,,Part-Time Unemployment Rate,,,,,,,,,,,,,,,,,,,,,,,,,,,,,,,,,,Total Both Sexes,,,,,,,
FINAL,1539,HLFQ.SIQ3,1997.03,9.3,Percent,0,Household Labour Force Survey - HLF,"Employed Persons, Full & Part-Time Status by Sex",,,,,,,Part-Time Unemployment Rate,,,,,,,,,,,,,,,,,,,,,,,,,,,,,,,,,,Total Both Sexes,,,,,,,
FINAL,1539,HLFQ.SIQ3,1997.06,7.9,Percent,0,Household Labour Force Survey - HLF,"Employed Persons, Full & Part-Time Status by Sex",,,,,,,Part-Time Unemployment Rate,,,,,,,,,,,,,,,,,,,,,,,,,,,,,,,,,,Total Both Sexes,,,,,,,
FINAL,1539,HLFQ.SIQ3,1997.09,8.6,Percent,0,Household Labour Force Survey - HLF,"Employed Persons, Full & Part-Time Status by Sex",,,,,,,Part-Time Unemployment Rate,,,,,,,,,,,,,,,,,,,,,,,,,,,,,,,,,,Total Both Sexes,,,,,,,
FINAL,1539,HLFQ.SIQ3,1997.12,8.1,Percent,0,Household Labour Force Survey - HLF,"Employed Persons, Full & Part-Time Status by Sex",,,,,,,Part-Time Unemployment Rate,,,,,,,,,,,,,,,,,,,,,,,,,,,,,,,,,,Total Both Sexes,,,,,,,
FINAL,1539,HLFQ.SIQ3,1998.03,10.2,Percent,0,Household Labour Force Survey - HLF,"Employed Persons, Full & Part-Time Status by Sex",,,,,,,Part-Time Unemployment Rate,,,,,,,,,,,,,,,,,,,,,,,,,,,,,,,,,,Total Both Sexes,,,,,,,
FINAL,1539,HLFQ.SIQ3,1998.06,10.3,Percent,0,Household Labour Force Survey - HLF,"Employed Persons, Full & Part-Time Status by Sex",,,,,,,Part-Time Unemployment Rate,,,,,,,,,,,,,,,,,,,,,,,,,,,,,,,,,,Total Both Sexes,,,,,,,
FINAL,1539,HLFQ.SIQ3,1998.09,9.2,Percent,0,Household Labour Force Survey - HLF,"Employed Persons, Full & Part-Time Status by Sex",,,,,,,Part-Time Unemployment Rate,,,,,,,,,,,,,,,,,,,,,,,,,,,,,,,,,,Total Both Sexes,,,,,,,
FINAL,1539,HLFQ.SIQ3,1998.12,8.6,Percent,0,Household Labour Force Survey - HLF,"Employed Persons, Full & Part-Time Status by Sex",,,,,,,Part-Time Unemployment Rate,,,,,,,,,,,,,,,,,,,,,,,,,,,,,,,,,,Total Both Sexes,,,,,,,
FINAL,1539,HLFQ.SIQ3,1999.03,9.5,Percent,0,Household Labour Force Survey - HLF,"Employed Persons, Full & Part-Time Status by Sex",,,,,,,Part-Time Unemployment Rate,,,,,,,,,,,,,,,,,,,,,,,,,,,,,,,,,,Total Both Sexes,,,,,,,
FINAL,1539,HLFQ.SIQ3,1999.06,7.9,Percent,0,Household Labour Force Survey - HLF,"Employed Persons, Full & Part-Time Status by Sex",,,,,,,Part-Time Unemployment Rate,,,,,,,,,,,,,,,,,,,,,,,,,,,,,,,,,,Total Both Sexes,,,,,,,
FINAL,1539,HLFQ.SIQ3,1999.09,8.2,Percent,0,Household Labour Force Survey - HLF,"Employed Persons, Full & Part-Time Status by Sex",,,,,,,Part-Time Unemployment Rate,,,,,,,,,,,,,,,,,,,,,,,,,,,,,,,,,,Total Both Sexes,,,,,,,
FINAL,1539,HLFQ.SIQ3,1999.12,8.4,Percent,0,Household Labour Force Survey - HLF,"Employed Persons, Full & Part-Time Status by Sex",,,,,,,Part-Time Unemployment Rate,,,,,,,,,,,,,,,,,,,,,,,,,,,,,,,,,,Total Both Sexes,,,,,,,
FINAL,1539,HLFQ.SIQ3,2000.03,9.6,Percent,0,Household Labour Force Survey - HLF,"Employed Persons, Full & Part-Time Status by Sex",,,,,,,Part-Time Unemployment Rate,,,,,,,,,,,,,,,,,,,,,,,,,,,,,,,,,,Total Both Sexes,,,,,,,
FINAL,1539,HLFQ.SIQ3,2000.06,8.6,Percent,0,Household Labour Force Survey - HLF,"Employed Persons, Full & Part-Time Status by Sex",,,,,,,Part-Time Unemployment Rate,,,,,,,,,,,,,,,,,,,,,,,,,,,,,,,,,,Total Both Sexes,,,,,,,
FINAL,1539,HLFQ.SIQ3,2000.09,7.7,Percent,0,Household Labour Force Survey - HLF,"Employed Persons, Full & Part-Time Status by Sex",,,,,,,Part-Time Unemployment Rate,,,,,,,,,,,,,,,,,,,,,,,,,,,,,,,,,,Total Both Sexes,,,,,,,
FINAL,1539,HLFQ.SIQ3,2000.12,6.4,Percent,0,Household Labour Force Survey - HLF,"Employed Persons, Full & Part-Time Status by Sex",,,,,,,Part-Time Unemployment Rate,,,,,,,,,,,,,,,,,,,,,,,,,,,,,,,,,,Total Both Sexes,,,,,,,
FINAL,1539,HLFQ.SIQ3,2001.03,7.9,Percent,0,Household Labour Force Survey - HLF,"Employed Persons, Full & Part-Time Status by Sex",,,,,,,Part-Time Unemployment Rate,,,,,,,,,,,,,,,,,,,,,,,,,,,,,,,,,,Total Both Sexes,,,,,,,
FINAL,1539,HLFQ.SIQ3,2001.06,7.8,Percent,0,Household Labour Force Survey - HLF,"Employed Persons, Full & Part-Time Status by Sex",,,,,,,Part-Time Unemployment Rate,,,,,,,,,,,,,,,,,,,,,,,,,,,,,,,,,,Total Both Sexes,,,,,,,
FINAL,1539,HLFQ.SIQ3,2001.09,7.8,Percent,0,Household Labour Force Survey - HLF,"Employed Persons, Full & Part-Time Status by Sex",,,,,,,Part-Time Unemployment Rate,,,,,,,,,,,,,,,,,,,,,,,,,,,,,,,,,,Total Both Sexes,,,,,,,
FINAL,1539,HLFQ.SIQ3,2001.12,7.6,Percent,0,Household Labour Force Survey - HLF,"Employed Persons, Full & Part-Time Status by Sex",,,,,,,Part-Time Unemployment Rate,,,,,,,,,,,,,,,,,,,,,,,,,,,,,,,,,,Total Both Sexes,,,,,,,
FINAL,1539,HLFQ.SIQ3,2002.03,8.5,Percent,0,Household Labour Force Survey - HLF,"Employed Persons, Full & Part-Time Status by Sex",,,,,,,Part-Time Unemployment Rate,,,,,,,,,,,,,,,,,,,,,,,,,,,,,,,,,,Total Both Sexes,,,,,,,
FINAL,1539,HLFQ.SIQ3,2002.06,7.1,Percent,0,Household Labour Force Survey - HLF,"Employed Persons, Full & Part-Time Status by Sex",,,,,,,Part-Time Unemployment Rate,,,,,,,,,,,,,,,,,,,,,,,,,,,,,,,,,,Total Both Sexes,,,,,,,
FINAL,1539,HLFQ.SIQ3,2002.09,8.2,Percent,0,Household Labour Force Survey - HLF,"Employed Persons, Full & Part-Time Status by Sex",,,,,,,Part-Time Unemployment Rate,,,,,,,,,,,,,,,,,,,,,,,,,,,,,,,,,,Total Both Sexes,,,,,,,
FINAL,1539,HLFQ.SIQ3,2002.12,7.0,Percent,0,Household Labour Force Survey - HLF,"Employed Persons, Full & Part-Time Status by Sex",,,,,,,Part-Time Unemployment Rate,,,,,,,,,,,,,,,,,,,,,,,,,,,,,,,,,,Total Both Sexes,,,,,,,
FINAL,1539,HLFQ.SIQ3,2003.03,8.4,Percent,0,Household Labour Force Survey - HLF,"Employed Persons, Full & Part-Time Status by Sex",,,,,,,Part-Time Unemployment Rate,,,,,,,,,,,,,,,,,,,,,,,,,,,,,,,,,,Total Both Sexes,,,,,,,
FINAL,1539,HLFQ.SIQ3,2003.06,8.1,Percent,0,Household Labour Force Survey - HLF,"Employed Persons, Full & Part-Time Status by Sex",,,,,,,Part-Time Unemployment Rate,,,,,,,,,,,,,,,,,,,,,,,,,,,,,,,,,,Total Both Sexes,,,,,,,
FINAL,1539,HLFQ.SIQ3,2003.09,6.0,Percent,0,Household Labour Force Survey - HLF,"Employed Persons, Full & Part-Time Status by Sex",,,,,,,Part-Time Unemployment Rate,,,,,,,,,,,,,,,,,,,,,,,,,,,,,,,,,,Total Both Sexes,,,,,,,
FINAL,1539,HLFQ.SIQ3,2003.12,6.3,Percent,0,Household Labour Force Survey - HLF,"Employed Persons, Full & Part-Time Status by Sex",,,,,,,Part-Time Unemployment Rate,,,,,,,,,,,,,,,,,,,,,,,,,,,,,,,,,,Total Both Sexes,,,,,,,
FINAL,1539,HLFQ.SIQ3,2004.03,7.6,Percent,0,Household Labour Force Survey - HLF,"Employed Persons, Full & Part-Time Status by Sex",,,,,,,Part-Time Unemployment Rate,,,,,,,,,,,,,,,,,,,,,,,,,,,,,,,,,,Total Both Sexes,,,,,,,
FINAL,1539,HLFQ.SIQ3,2004.06,6.7,Percent,0,Household Labour Force Survey - HLF,"Employed Persons, Full & Part-Time Status by Sex",,,,,,,Part-Time Unemployment Rate,,,,,,,,,,,,,,,,,,,,,,,,,,,,,,,,,,Total Both Sexes,,,,,,,
FINAL,1539,HLFQ.SIQ3,2004.09,6.4,Percent,0,Household Labour Force Survey - HLF,"Employed Persons, Full & Part-Time Status by Sex",,,,,,,Part-Time Unemployment Rate,,,,,,,,,,,,,,,,,,,,,,,,,,,,,,,,,,Total Both Sexes,,,,,,,
FINAL,1539,HLFQ.SIQ3,2004.12,5.7,Percent,0,Household Labour Force Survey - HLF,"Employed Persons, Full & Part-Time Status by Sex",,,,,,,Part-Time Unemployment Rate,,,,,,,,,,,,,,,,,,,,,,,,,,,,,,,,,,Total Both Sexes,,,,,,,
FINAL,1539,HLFQ.SIQ3,2005.03,7.6,Percent,0,Household Labour Force Survey - HLF,"Employed Persons, Full & Part-Time Status by Sex",,,,,,,Part-Time Unemployment Rate,,,,,,,,,,,,,,,,,,,,,,,,,,,,,,,,,,Total Both Sexes,,,,,,,
FINAL,1539,HLFQ.SIQ3,2005.06,6.2,Percent,0,Household Labour Force Survey - HLF,"Employed Persons, Full & Part-Time Status by Sex",,,,,,,Part-Time Unemployment Rate,,,,,,,,,,,,,,,,,,,,,,,,,,,,,,,,,,Total Both Sexes,,,,,,,
FINAL,1539,HLFQ.SIQ3,2005.09,6.1,Percent,0,Household Labour Force Survey - HLF,"Employed Persons, Full & Part-Time Status by Sex",,,,,,,Part-Time Unemployment Rate,,,,,,,,,,,,,,,,,,,,,,,,,,,,,,,,,,Total Both Sexes,,,,,,,
FINAL,1539,HLFQ.SIQ3,2005.12,6.1,Percent,0,Household Labour Force Survey - HLF,"Employed Persons, Full & Part-Time Status by Sex",,,,,,,Part-Time Unemployment Rate,,,,,,,,,,,,,,,,,,,,,,,,,,,,,,,,,,Total Both Sexes,,,,,,,
FINAL,1539,HLFQ.SIQ3,2006.03,7.6,Percent,0,Household Labour Force Survey - HLF,"Employed Persons, Full & Part-Time Status by Sex",,,,,,,Part-Time Unemployment Rate,,,,,,,,,,,,,,,,,,,,,,,,,,,,,,,,,,Total Both Sexes,,,,,,,
FINAL,1539,HLFQ.SIQ3,2006.06,5.9,Percent,0,Household Labour Force Survey - HLF,"Employed Persons, Full & Part-Time Status by Sex",,,,,,,Part-Time Unemployment Rate,,,,,,,,,,,,,,,,,,,,,,,,,,,,,,,,,,Total Both Sexes,,,,,,,
FINAL,1539,HLFQ.SIQ3,2006.09,6.5,Percent,0,Household Labour Force Survey - HLF,"Employed Persons, Full & Part-Time Status by Sex",,,,,,,Part-Time Unemployment Rate,,,,,,,,,,,,,,,,,,,,,,,,,,,,,,,,,,Total Both Sexes,,,,,,,
FINAL,1539,HLFQ.SIQ3,2006.12,6.0,Percent,0,Household Labour Force Survey - HLF,"Employed Persons, Full & Part-Time Status by Sex",,,,,,,Part-Time Unemployment Rate,,,,,,,,,,,,,,,,,,,,,,,,,,,,,,,,,,Total Both Sexes,,,,,,,
FINAL,1539,HLFQ.SIQ3,2007.03,7.3,Percent,0,Household Labour Force Survey - HLF,"Employed Persons, Full & Part-Time Status by Sex",,,,,,,Part-Time Unemployment Rate,,,,,,,,,,,,,,,,,,,,,,,,,,,,,,,,,,Total Both Sexes,,,,,,,
FINAL,1539,HLFQ.SIQ3,2007.06,6.7,Percent,0,Household Labour Force Survey - HLF,"Employed Persons, Full & Part-Time Status by Sex",,,,,,,Part-Time Unemployment Rate,,,,,,,,,,,,,,,,,,,,,,,,,,,,,,,,,,Total Both Sexes,,,,,,,
FINAL,1539,HLFQ.SIQ3,2007.09,6.7,Percent,0,Household Labour Force Survey - HLF,"Employed Persons, Full & Part-Time Status by Sex",,,,,,,Part-Time Unemployment Rate,,,,,,,,,,,,,,,,,,,,,,,,,,,,,,,,,,Total Both Sexes,,,,,,,
FINAL,1539,HLFQ.SIQ3,2007.12,5.2,Percent,0,Household Labour Force Survey - HLF,"Employed Persons, Full & Part-Time Status by Sex",,,,,,,Part-Time Unemployment Rate,,,,,,,,,,,,,,,,,,,,,,,,,,,,,,,,,,Total Both Sexes,,,,,,,
FINAL,1539,HLFQ.SIQ3,2008.03,6.5,Percent,0,Household Labour Force Survey - HLF,"Employed Persons, Full & Part-Time Status by Sex",,,,,,,Part-Time Unemployment Rate,,,,,,,,,,,,,,,,,,,,,,,,,,,,,,,,,,Total Both Sexes,,,,,,,
FINAL,1539,HLFQ.SIQ3,2008.06,6.4,Percent,0,Household Labour Force Survey - HLF,"Employed Persons, Full & Part-Time Status by Sex",,,,,,,Part-Time Unemployment Rate,,,,,,,,,,,,,,,,,,,,,,,,,,,,,,,,,,Total Both Sexes,,,,,,,
FINAL,1539,HLFQ.SIQ3,2008.09,6.8,Percent,0,Household Labour Force Survey - HLF,"Employed Persons, Full & Part-Time Status by Sex",,,,,,,Part-Time Unemployment Rate,,,,,,,,,,,,,,,,,,,,,,,,,,,,,,,,,,Total Both Sexes,,,,,,,
FINAL,1539,HLFQ.SIQ3,2008.12,7.0,Percent,0,Household Labour Force Survey - HLF,"Employed Persons, Full & Part-Time Status by Sex",,,,,,,Part-Time Unemployment Rate,,,,,,,,,,,,,,,,,,,,,,,,,,,,,,,,,,Total Both Sexes,,,,,,,
FINAL,1539,HLFQ.SIQ3,2009.03,8.0,Percent,0,Household Labour Force Survey - HLF,"Employed Persons, Full & Part-Time Status by Sex",,,,,,,Part-Time Unemployment Rate,,,,,,,,,,,,,,,,,,,,,,,,,,,,,,,,,,Total Both Sexes,,,,,,,
FINAL,1539,HLFQ.SIQ3,2009.06,7.8,Percent,0,Household Labour Force Survey - HLF,"Employed Persons, Full & Part-Time Status by Sex",,,,,,,Part-Time Unemployment Rate,,,,,,,,,,,,,,,,,,,,,,,,,,,,,,,,,,Total Both Sexes,,,,,,,
FINAL,1539,HLFQ.SIQ3,2009.09,9.4,Percent,0,Household Labour Force Survey - HLF,"Employed Persons, Full & Part-Time Status by Sex",,,,,,,Part-Time Unemployment Rate,,,,,,,,,,,,,,,,,,,,,,,,,,,,,,,,,,Total Both Sexes,,,,,,,
FINAL,1539,HLFQ.SIQ3,2009.12,9.4,Percent,0,Household Labour Force Survey - HLF,"Employed Persons, Full & Part-Time Status by Sex",,,,,,,Part-Time Unemployment Rate,,,,,,,,,,,,,,,,,,,,,,,,,,,,,,,,,,Total Both Sexes,,,,,,,
FINAL,1539,HLFQ.SIQ3,2010.03,9.7,Percent,0,Household Labour Force Survey - HLF,"Employed Persons, Full & Part-Time Status by Sex",,,,,,,Part-Time Unemployment Rate,,,,,,,,,,,,,,,,,,,,,,,,,,,,,,,,,,Total Both Sexes,,,,,,,
FINAL,1539,HLFQ.SIQ3,2010.06,9.7,Percent,0,Household Labour Force Survey - HLF,"Employed Persons, Full & Part-Time Status by Sex",,,,,,,Part-Time Unemployment Rate,,,,,,,,,,,,,,,,,,,,,,,,,,,,,,,,,,Total Both Sexes,,,,,,,
FINAL,1539,HLFQ.SIQ3,2010.09,8.6,Percent,0,Household Labour Force Survey - HLF,"Employed Persons, Full & Part-Time Status by Sex",,,,,,,Part-Time Unemployment Rate,,,,,,,,,,,,,,,,,,,,,,,,,,,,,,,,,,Total Both Sexes,,,,,,,
FINAL,1539,HLFQ.SIQ3,2010.12,9.7,Percent,0,Household Labour Force Survey - HLF,"Employed Persons, Full & Part-Time Status by Sex",,,,,,,Part-Time Unemployment Rate,,,,,,,,,,,,,,,,,,,,,,,,,,,,,,,,,,Total Both Sexes,,,,,,,
FINAL,1539,HLFQ.SIQ3,2011.03,10.2,Percent,0,Household Labour Force Survey - HLF,"Employed Persons, Full & Part-Time Status by Sex",,,,,,,Part-Time Unemployment Rate,,,,,,,,,,,,,,,,,,,,,,,,,,,,,,,,,,Total Both Sexes,,,,,,,
FINAL,1539,HLFQ.SIQ3,2011.06,9.0,Percent,0,Household Labour Force Survey - HLF,"Employed Persons, Full & Part-Time Status by Sex",,,,,,,Part-Time Unemployment Rate,,,,,,,,,,,,,,,,,,,,,,,,,,,,,,,,,,Total Both Sexes,,,,,,,
FINAL,1539,HLFQ.SIQ3,2011.09,8.7,Percent,0,Household Labour Force Survey - HLF,"Employed Persons, Full & Part-Time Status by Sex",,,,,,,Part-Time Unemployment Rate,,,,,,,,,,,,,,,,,,,,,,,,,,,,,,,,,,Total Both Sexes,,,,,,,
FINAL,1539,HLFQ.SIQ3,2011.12,8.5,Percent,0,Household Labour Force Survey - HLF,"Employed Persons, Full & Part-Time Status by Sex",,,,,,,Part-Time Unemployment Rate,,,,,,,,,,,,,,,,,,,,,,,,,,,,,,,,,,Total Both Sexes,,,,,,,
FINAL,1539,HLFQ.SIQ3,2012.03,10.2,Percent,0,Household Labour Force Survey - HLF,"Employed Persons, Full & Part-Time Status by Sex",,,,,,,Part-Time Unemployment Rate,,,,,,,,,,,,,,,,,,,,,,,,,,,,,,,,,,Total Both Sexes,,,,,,,
FINAL,1539,HLFQ.SIQ3,2012.06,9.7,Percent,0,Household Labour Force Survey - HLF,"Employed Persons, Full & Part-Time Status by Sex",,,,,,,Part-Time Unemployment Rate,,,,,,,,,,,,,,,,,,,,,,,,,,,,,,,,,,Total Both Sexes,,,,,,,
FINAL,1539,HLFQ.SIQ3,2012.09,9.8,Percent,0,Household Labour Force Survey - HLF,"Employed Persons, Full & Part-Time Status by Sex",,,,,,,Part-Time Unemployment Rate,,,,,,,,,,,,,,,,,,,,,,,,,,,,,,,,,,Total Both Sexes,,,,,,,
FINAL,1539,HLFQ.SIQ3,2012.12,9.8,Percent,0,Household Labour Force Survey - HLF,"Employed Persons, Full & Part-Time Status by Sex",,,,,,,Part-Time Unemployment Rate,,,,,,,,,,,,,,,,,,,,,,,,,,,,,,,,,,Total Both Sexes,,,,,,,
FINAL,1539,HLFQ.SIQ3,2013.03,9.7,Percent,0,Household Labour Force Survey - HLF,"Employed Persons, Full & Part-Time Status by Sex",,,,,,,Part-Time Unemployment Rate,,,,,,,,,,,,,,,,,,,,,,,,,,,,,,,,,,Total Both Sexes,,,,,,,
FINAL,1539,HLFQ.SIQ3,2013.06,9.4,Percent,0,Household Labour Force Survey - HLF,"Employed Persons, Full & Part-Time Status by Sex",,,,,,,Part-Time Unemployment Rate,,,,,,,,,,,,,,,,,,,,,,,,,,,,,,,,,,Total Both Sexes,,,,,,,
FINAL,1539,HLFQ.SIQ3,2013.09,9.5,Percent,0,Household Labour Force Survey - HLF,"Employed Persons, Full & Part-Time Status by Sex",,,,,,,Part-Time Unemployment Rate,,,,,,,,,,,,,,,,,,,,,,,,,,,,,,,,,,Total Both Sexes,,,,,,,
FINAL,1539,HLFQ.SIQ3,2013.12,8.8,Percent,0,Household Labour Force Survey - HLF,"Employed Persons, Full & Part-Time Status by Sex",,,,,,,Part-Time Unemployment Rate,,,,,,,,,,,,,,,,,,,,,,,,,,,,,,,,,,Total Both Sexes,,,,,,,
FINAL,1539,HLFQ.SIQ3,2014.03,9.8,Percent,0,Household Labour Force Survey - HLF,"Employed Persons, Full & Part-Time Status by Sex",,,,,,,Part-Time Unemployment Rate,,,,,,,,,,,,,,,,,,,,,,,,,,,,,,,,,,Total Both Sexes,,,,,,,
FINAL,1539,HLFQ.SIQ3,2014.06,8.1,Percent,0,Household Labour Force Survey - HLF,"Employed Persons, Full & Part-Time Status by Sex",,,,,,,Part-Time Unemployment Rate,,,,,,,,,,,,,,,,,,,,,,,,,,,,,,,,,,Total Both Sexes,,,,,,,
FINAL,1539,HLFQ.SIQ3,2014.09,8.4,Percent,0,Household Labour Force Survey - HLF,"Employed Persons, Full & Part-Time Status by Sex",,,,,,,Part-Time Unemployment Rate,,,,,,,,,,,,,,,,,,,,,,,,,,,,,,,,,,Total Both Sexes,,,,,,,
FINAL,1539,HLFQ.SIQ3,2014.12,7.9,Percent,0,Household Labour Force Survey - HLF,"Employed Persons, Full & Part-Time Status by Sex",,,,,,,Part-Time Unemployment Rate,,,,,,,,,,,,,,,,,,,,,,,,,,,,,,,,,,Total Both Sexes,,,,,,,
FINAL,1539,HLFQ.SIQ3,2015.03,9.7,Percent,0,Household Labour Force Survey - HLF,"Employed Persons, Full & Part-Time Status by Sex",,,,,,,Part-Time Unemployment Rate,,,,,,,,,,,,,,,,,,,,,,,,,,,,,,,,,,Total Both Sexes,,,,,,,
FINAL,1539,HLFQ.SIQ3,2015.06,8.9,Percent,0,Household Labour Force Survey - HLF,"Employed Persons, Full & Part-Time Status by Sex",,,,,,,Part-Time Unemployment Rate,,,,,,,,,,,,,,,,,,,,,,,,,,,,,,,,,,Total Both Sexes,,,,,,,
FINAL,1539,HLFQ.SIQ3,2015.09,9.5,Percent,0,Household Labour Force Survey - HLF,"Employed Persons, Full & Part-Time Status by Sex",,,,,,,Part-Time Unemployment Rate,,,,,,,,,,,,,,,,,,,,,,,,,,,,,,,,,,Total Both Sexes,,,,,,,
FINAL,1539,HLFQ.SIQ3,2015.12,8.1,Percent,0,Household Labour Force Survey - HLF,"Employed Persons, Full & Part-Time Status by Sex",,,,,,,Part-Time Unemployment Rate,,,,,,,,,,,,,,,,,,,,,,,,,,,,,,,,,,Total Both Sexes,,,,,,,
FINAL,1539,HLFQ.SIQ3,2016.03,8.9,Percent,0,Household Labour Force Survey - HLF,"Employed Persons, Full & Part-Time Status by Sex",,,,,,,Part-Time Unemployment Rate,,,,,,,,,,,,,,,,,,,,,,,,,,,,,,,,,,Total Both Sexes,,,,,,,
FINAL,1539,HLFQ.SIQ3,2016.06,7.4,Percent,0,Household Labour Force Survey - HLF,"Employed Persons, Full & Part-Time Status by Sex",,,,,,,Part-Time Unemployment Rate,,,,,,,,,,,,,,,,,,,,,,,,,,,,,,,,,,Total Both Sexes,,,,,,,
FINAL,1539,HLFQ.SIQ3,2016.09,6.9,Percent,0,Household Labour Force Survey - HLF,"Employed Persons, Full & Part-Time Status by Sex",,,,,,,Part-Time Unemployment Rate,,,,,,,,,,,,,,,,,,,,,,,,,,,,,,,,,,Total Both Sexes,,,,,,,
FINAL,1539,HLFQ.SIQ3,2016.12,8.4,Percent,0,Household Labour Force Survey - HLF,"Employed Persons, Full & Part-Time Status by Sex",,,,,,,Part-Time Unemployment Rate,,,,,,,,,,,,,,,,,,,,,,,,,,,,,,,,,,Total Both Sexes,,,,,,,
FINAL,1539,HLFQ.SIQ3,2017.03,8.6,Percent,0,Household Labour Force Survey - HLF,"Employed Persons, Full & Part-Time Status by Sex",,,,,,,Part-Time Unemployment Rate,,,,,,,,,,,,,,,,,,,,,,,,,,,,,,,,,,Total Both Sexes,,,,,,,
FINAL,1539,HLFQ.SIQ3,2017.06,6.9,Percent,0,Household Labour Force Survey - HLF,"Employed Persons, Full & Part-Time Status by Sex",,,,,,,Part-Time Unemployment Rate,,,,,,,,,,,,,,,,,,,,,,,,,,,,,,,,,,Total Both Sexes,,,,,,,
FINAL,1539,HLFQ.SIQ3,2017.09,6.9,Percent,0,Household Labour Force Survey - HLF,"Employed Persons, Full & Part-Time Status by Sex",,,,,,,Part-Time Unemployment Rate,,,,,,,,,,,,,,,,,,,,,,,,,,,,,,,,,,Total Both Sexes,,,,,,,
FINAL,1539,HLFQ.SIQ3,2017.12,6.6,Percent,0,Household Labour Force Survey - HLF,"Employed Persons, Full & Part-Time Status by Sex",,,,,,,Part-Time Unemployment Rate,,,,,,,,,,,,,,,,,,,,,,,,,,,,,,,,,,Total Both Sexes,,,,,,,
FINAL,1539,HLFQ.SIQ3,2018.03,7.3,Percent,0,Household Labour Force Survey - HLF,"Employed Persons, Full & Part-Time Status by Sex",,,,,,,Part-Time Unemployment Rate,,,,,,,,,,,,,,,,,,,,,,,,,,,,,,,,,,Total Both Sexes,,,,,,,
FINAL,1539,HLFQ.SIQ3,2018.06,6.9,Percent,0,Household Labour Force Survey - HLF,"Employed Persons, Full & Part-Time Status by Sex",,,,,,,Part-Time Unemployment Rate,,,,,,,,,,,,,,,,,,,,,,,,,,,,,,,,,,Total Both Sexes,,,,,,,
FINAL,1539,HLFQ.SIQ3,2018.09,5.2,Percent,0,Household Labour Force Survey - HLF,"Employed Persons, Full & Part-Time Status by Sex",,,,,,,Part-Time Unemployment Rate,,,,,,,,,,,,,,,,,,,,,,,,,,,,,,,,,,Total Both Sexes,,,,,,,
FINAL,1539,HLFQ.SIQ3,2018.12,6.5,Percent,0,Household Labour Force Survey - HLF,"Employed Persons, Full & Part-Time Status by Sex",,,,,,,Part-Time Unemployment Rate,,,,,,,,,,,,,,,,,,,,,,,,,,,,,,,,,,Total Both Sexes,,,,,,,
FINAL,1539,HLFQ.SIQ3,2019.03,6.8,Percent,0,Household Labour Force Survey - HLF,"Employed Persons, Full & Part-Time Status by Sex",,,,,,,Part-Time Unemployment Rate,,,,,,,,,,,,,,,,,,,,,,,,,,,,,,,,,,Total Both Sexes,,,,,,,
FINAL,1539,HLFQ.SIQ3,2019.06,6.2,Percent,0,Household Labour Force Survey - HLF,"Employed Persons, Full & Part-Time Status by Sex",,,,,,,Part-Time Unemployment Rate,,,,,,,,,,,,,,,,,,,,,,,,,,,,,,,,,,Total Both Sexes,,,,,,,
FINAL,1539,HLFQ.SIQ3,2019.09,5.7,Percent,0,Household Labour Force Survey - HLF,"Employed Persons, Full & Part-Time Status by Sex",,,,,,,Part-Time Unemployment Rate,,,,,,,,,,,,,,,,,,,,,,,,,,,,,,,,,,Total Both Sexes,,,,,,,
FINAL,1539,HLFQ.SIQ3,2019.12,6.5,Percent,0,Household Labour Force Survey - HLF,"Employed Persons, Full & Part-Time Status by Sex",,,,,,,Part-Time Unemployment Rate,,,,,,,,,,,,,,,,,,,,,,,,,,,,,,,,,,Total Both Sexes,,,,,,,
FINAL,1539,HLFQ.SIQ3,2020.03,7.0,Percent,0,Household Labour Force Survey - HLF,"Employed Persons, Full & Part-Time Status by Sex",,,,,,,Part-Time Unemployment Rate,,,,,,,,,,,,,,,,,,,,,,,,,,,,,,,,,,Total Both Sexes,,,,,,,
FINAL,1539,HLFQ.SIQ3,2020.06,5.1,Percent,0,Household Labour Force Survey - HLF,"Employed Persons, Full & Part-Time Status by Sex",,,,,,,Part-Time Unemployment Rate,,,,,,,,,,,,,,,,,,,,,,,,,,,,,,,,,,Total Both Sexes,,,,,,,
FINAL,1539,HLFQ.SIQ3,2020.09,6.9,Percent,0,Household Labour Force Survey - HLF,"Employed Persons, Full & Part-Time Status by Sex",,,,,,,Part-Time Unemployment Rate,,,,,,,,,,,,,,,,,,,,,,,,,,,,,,,,,,Total Both Sexes,,,,,,,
FINAL,1539,HLFQ.SIQ3,2020.12,7.2,Percent,0,Household Labour Force Survey - HLF,"Employed Persons, Full & Part-Time Status by Sex",,,,,,,Part-Time Unemployment Rate,,,,,,,,,,,,,,,,,,,,,,,,,,,,,,,,,,Total Both Sexes,,,,,,,
FINAL,1539,HLFQ.SIQ3,2021.03,7.3,Percent,0,Household Labour Force Survey - HLF,"Employed Persons, Full & Part-Time Status by Sex",,,,,,,Part-Time Unemployment Rate,,,,,,,,,,,,,,,,,,,,,,,,,,,,,,,,,,Total Both Sexes,,,,,,,
FINAL,1539,HLFQ.SIQ3,2021.06,5.9,Percent,0,Household Labour Force Survey - HLF,"Employed Persons, Full & Part-Time Status by Sex",,,,,,,Part-Time Unemployment Rate,,,,,,,,,,,,,,,,,,,,,,,,,,,,,,,,,,Total Both Sexes,,,,,,,
FINAL,1539,HLFQ.SIQ3,2021.09,4.6,Percent,0,Household Labour Force Survey - HLF,"Employed Persons, Full & Part-Time Status by Sex",,,,,,,Part-Time Unemployment Rate,,,,,,,,,,,,,,,,,,,,,,,,,,,,,,,,,,Total Both Sexes,,,,,,,
FINAL,1539,HLFQ.SIQ3,2021.12,4.4,Percent,0,Household Labour Force Survey - HLF,"Employed Persons, Full & Part-Time Status by Sex",,,,,,,Part-Time Unemployment Rate,,,,,,,,,,,,,,,,,,,,,,,,,,,,,,,,,,Total Both Sexes,,,,,,,
FINAL,1539,HLFQ.SIQ3,2022.03,5.4,Percent,0,Household Labour Force Survey - HLF,"Employed Persons, Full & Part-Time Status by Sex",,,,,,,Part-Time Unemployment Rate,,,,,,,,,,,,,,,,,,,,,,,,,,,,,,,,,,Total Both Sexes,,,,,,,
FINAL,1539,HLFQ.SIQ3,2022.06,5.5,Percent,0,Household Labour Force Survey - HLF,"Employed Persons, Full & Part-Time Status by Sex",,,,,,,Part-Time Unemployment Rate,,,,,,,,,,,,,,,,,,,,,,,,,,,,,,,,,,Total Both Sexes,,,,,,,
FINAL,1539,HLFQ.SIQ3,2022.09,5.8,Percent,0,Household Labour Force Survey - HLF,"Employed Persons, Full & Part-Time Status by Sex",,,,,,,Part-Time Unemployment Rate,,,,,,,,,,,,,,,,,,,,,,,,,,,,,,,,,,Total Both Sexes,,,,,,,
FINAL,1539,HLFQ.SIQ3,2022.12,5.8,Percent,0,Household Labour Force Survey - HLF,"Employed Persons, Full & Part-Time Status by Sex",,,,,,,Part-Time Unemployment Rate,,,,,,,,,,,,,,,,,,,,,,,,,,,,,,,,,,Total Both Sexes,,,,,,,
FINAL,1539,HLFQ.SIQ3,2023.03,6.3,Percent,0,Household Labour Force Survey - HLF,"Employed Persons, Full & Part-Time Status by Sex",,,,,,,Part-Time Unemployment Rate,,,,,,,,,,,,,,,,,,,,,,,,,,,,,,,,,,Total Both Sexes,,,,,,,
FINAL,1539,HLFQ.SIQ3,2023.06,6.1,Percent,0,Household Labour Force Survey - HLF,"Employed Persons, Full & Part-Time Status by Sex",,,,,,,Part-Time Unemployment Rate,,,,,,,,,,,,,,,,,,,,,,,,,,,,,,,,,,Total Both Sexes,,,,,,,
FINAL,1539,HLFQ.SIQ3,2023.09,5.8,Percent,0,Household Labour Force Survey - HLF,"Employed Persons, Full & Part-Time Status by Sex",,,,,,,Part-Time Unemployment Rate,,,,,,,,,,,,,,,,,,,,,,,,,,,,,,,,,,Total Both Sexes,,,,,,,
FINAL,1539,HLFQ.SIQ3,2023.12,6.5,Percent,0,Household Labour Force Survey - HLF,"Employed Persons, Full & Part-Time Status by Sex",,,,,,,Part-Time Unemployment Rate,,,,,,,,,,,,,,,,,,,,,,,,,,,,,,,,,,Total Both Sexes,,,,,,,
FINAL,1539,HLFQ.SIQ3,2024.03,8.1,Percent,0,Household Labour Force Survey - HLF,"Employed Persons, Full & Part-Time Status by Sex",,,,,,,Part-Time Unemployment Rate,,,,,,,,,,,,,,,,,,,,,,,,,,,,,,,,,,Total Both Sexes,,,,,,,
FINAL,1539,HLFQ.SIQ3,2024.06,7.4,Percent,0,Household Labour Force Survey - HLF,"Employed Persons, Full & Part-Time Status by Sex",,,,,,,Part-Time Unemployment Rate,,,,,,,,,,,,,,,,,,,,,,,,,,,,,,,,,,Total Both Sexes,,,,,,,
